{
  "name": "persona.ari_name.title",
  "uuid": "2e662265-1aab-40ce-80c2-934a0a20d41a",
  "thumbnailPath": "textures/ui/default_cast/ari_icon.png",
  "appearance": [
    {
      "arm": "wide",
      "skcol": "#ffffd7c0",
      "skin": false
    },
    {
      "col": [ "#ff240303", "#ff933f1e", "#ffe9ecec", "#0" ], // Eyes
      "id": "a0f263b3-e093-4c85-aadb-3759417898ff/d"
    },
    {
      "id": "1042557f-d1f9-44e3-ba78-f404e8fb7363/d"
    },
    {
      "id": "8f96d1f8-e9bb-40d2-acc8-eb79746c5d7c/d"
    },
    {
      "id": "66690c38-b6da-92aa-dd23-d1fab2b97423/d"
    },
    {
      "id": "ef62e4af-63c4-276f-3e76-58027fef8358/d"
    },
    {
      "id": "dd0b165f-cd5d-3588-db1e-ab2cea17cbad/d"
    },
    {
      "id": "29ad05be-b99b-3a20-abd9-771fdd53eb0a/d"
    },
    {
      "col": [ "#ff933f1e", "#0", "#0", "#0" ], // Hair
      "id": "16a40e66-7d58-b56d-9a4e-e5766ceff6a0/d"
    },
    {
      "col": [ "#0", "#0", "#ffee9a73", "#0" ], // Mouth
      "id": "83c940ce-d7b8-4603-8d73-c1234e322cce/d"
    },
    {
      "id": "17428c4c-3813-4ea1-b3a9-d6a32f83afca/de"
    },
    {
      "id": "ce5c0300-7f03-455d-aaf1-352e4927b54d/de"
    },
    {
      "id": "9a469a61-c83b-4ba9-b507-bdbe64430582/de"
    },
    {
      "id": "4c8ae710-df2e-47cd-814d-cc7bf21a3d67/de"
    }
  ]
}
