{
  "resource_pack_name": "chemistry",
  "texture_name": "atlas.terrain",
  "padding": 8,
  "num_mip_levels": 4,
  "texture_data": {
    "colored_torch_red": {
      "textures": "textures/blocks/torch_red"
    },
    "colored_torch_green": {
      "textures": "textures/blocks/torch_green"
    },
    "colored_torch_blue": {
      "textures": "textures/blocks/torch_blue"
    },
    "colored_torch_purple": {
      "textures": "textures/blocks/torch_purple"
    },
    "compound_creator_top": {
      "textures": "textures/blocks/compound_creator_top"
    },
    "compound_creator_bottom": {
      "textures": "textures/blocks/compound_creator_inside_bottom"
    },
    "compound_creator_south": {
      "textures": "textures/blocks/compound_creator_inside"
    },
    "compound_creator_east": {
      "textures": "textures/blocks/compound_creator_side_a"
    },
    "compound_creator_north": {
      "textures": "textures/blocks/compound_creator_side_b"
    },
    "compound_creator_west": {
      "textures": "textures/blocks/compound_creator_side_c"
    },
    "material_reducer_top": {
      "textures": "textures/blocks/material_reducer_top"
    },
    "material_reducer_bottom": {
      "textures": "textures/blocks/material_reducer_bottom"
    },
    "material_reducer_south": {
      "textures": "textures/blocks/material_reducer_front"
    },
    "material_reducer_side": {
      "textures": "textures/blocks/material_reducer_side"
    },
    "element_constructor_top": {
      "textures": "textures/blocks/element_constructor_top"
    },
    "element_constructor_bottom": {
      "textures": "textures/blocks/lab_table_bottom"
    },
    "element_constructor_south": {
      "textures": "textures/blocks/element_constructor_front"
    },
    "element_constructor_east": {
      "textures": "textures/blocks/element_constructor_side_a"
    },
    "element_constructor_north": {
      "textures": "textures/blocks/element_constructor_back"
    },
    "element_constructor_west": {
      "textures": "textures/blocks/element_constructor_side_b"
    },
    "lab_table_top": {
      "textures": "textures/blocks/lab_table_top"
    },
    "lab_table_bottom": {
      "textures": "textures/blocks/lab_table_bottom"
    },
    "lab_table_south": {
      "textures": "textures/blocks/lab_table_front"
    },
    "lab_table_east": {
      "textures": "textures/blocks/lab_table_side_a"
    },
    "lab_table_north": {
      "textures": "textures/blocks/lab_table_side_b"
    },
    "lab_table_west": {
      "textures": "textures/blocks/lab_table_side_c"
    },
    "underwater_tnt_top": {
      "textures": "textures/blocks/tnt_top_underwater"
    },
    "underwater_tnt_bottom": {
      "textures": "textures/blocks/tnt_bottom_underwater"
    },
    "underwater_tnt_side": {
      "textures": "textures/blocks/tnt_side_underwater"
    }
  }
}
