{
    "content": [
        {
            "path": "manifest.json"
        },
        {
            "path": "pack_icon.png"
        },
        {
            "path": "emote_followMe/texts/bg_BG.lang"
        },
        {
            "path": "emote_followMe/texts/cs_CZ.lang"
        },
        {
            "path": "emote_followMe/texts/da_DK.lang"
        },
        {
            "path": "emote_followMe/texts/de_DE.lang"
        },
        {
            "path": "emote_followMe/texts/el_GR.lang"
        },
        {
            "path": "emote_followMe/texts/en_GB.lang"
        },
        {
            "path": "emote_followMe/texts/es_ES.lang"
        },
        {
            "path": "emote_followMe/texts/es_MX.lang"
        },
        {
            "path": "emote_followMe/texts/fi_FI.lang"
        },
        {
            "path": "emote_followMe/texts/fr_CA.lang"
        },
        {
            "path": "emote_followMe/texts/fr_FR.lang"
        },
        {
            "path": "emote_followMe/texts/hu_HU.lang"
        },
        {
            "path": "emote_followMe/texts/id_ID.lang"
        },
        {
            "path": "emote_followMe/texts/it_IT.lang"
        },
        {
            "path": "emote_followMe/texts/ja_JP.lang"
        },
        {
            "path": "emote_followMe/texts/ko_KR.lang"
        },
        {
            "path": "emote_followMe/texts/nb_NO.lang"
        },
        {
            "path": "emote_followMe/texts/nl_NL.lang"
        },
        {
            "path": "emote_followMe/texts/pl_PL.lang"
        },
        {
            "path": "emote_followMe/texts/pt_BR.lang"
        },
        {
            "path": "emote_followMe/texts/pt_PT.lang"
        },
        {
            "path": "emote_followMe/texts/ru_RU.lang"
        },
        {
            "path": "emote_followMe/texts/sk_SK.lang"
        },
        {
            "path": "emote_followMe/texts/sv_SE.lang"
        },
        {
            "path": "emote_followMe/texts/tr_TR.lang"
        },
        {
            "path": "emote_followMe/texts/uk_UA.lang"
        },
        {
            "path": "emote_followMe/texts/zh_CN.lang"
        },
        {
            "path": "emote_followMe/texts/zh_TW.lang"
        },
        {
            "path": "emote_overThere/texts/bg_BG.lang"
        },
        {
            "path": "emote_overThere/texts/cs_CZ.lang"
        },
        {
            "path": "emote_overThere/texts/da_DK.lang"
        },
        {
            "path": "emote_overThere/texts/de_DE.lang"
        },
        {
            "path": "emote_overThere/texts/el_GR.lang"
        },
        {
            "path": "emote_overThere/texts/en_GB.lang"
        },
        {
            "path": "emote_overThere/texts/es_ES.lang"
        },
        {
            "path": "emote_overThere/texts/es_MX.lang"
        },
        {
            "path": "emote_overThere/texts/fi_FI.lang"
        },
        {
            "path": "emote_overThere/texts/fr_CA.lang"
        },
        {
            "path": "emote_overThere/texts/fr_FR.lang"
        },
        {
            "path": "emote_overThere/texts/hu_HU.lang"
        },
        {
            "path": "emote_overThere/texts/id_ID.lang"
        },
        {
            "path": "emote_overThere/texts/it_IT.lang"
        },
        {
            "path": "emote_overThere/texts/ja_JP.lang"
        },
        {
            "path": "emote_overThere/texts/ko_KR.lang"
        },
        {
            "path": "emote_overThere/texts/nb_NO.lang"
        },
        {
            "path": "emote_overThere/texts/nl_NL.lang"
        },
        {
            "path": "emote_overThere/texts/pl_PL.lang"
        },
        {
            "path": "emote_overThere/texts/pt_BR.lang"
        },
        {
            "path": "emote_overThere/texts/pt_PT.lang"
        },
        {
            "path": "emote_overThere/texts/ru_RU.lang"
        },
        {
            "path": "emote_overThere/texts/sk_SK.lang"
        },
        {
            "path": "emote_overThere/texts/sv_SE.lang"
        },
        {
            "path": "emote_overThere/texts/tr_TR.lang"
        },
        {
            "path": "emote_overThere/texts/uk_UA.lang"
        },
        {
            "path": "emote_overThere/texts/zh_CN.lang"
        },
        {
            "path": "emote_overThere/texts/zh_TW.lang"
        },
        {
            "path": "emote_simpleClap/texts/bg_BG.lang"
        },
        {
            "path": "emote_simpleClap/texts/cs_CZ.lang"
        },
        {
            "path": "emote_simpleClap/texts/da_DK.lang"
        },
        {
            "path": "emote_simpleClap/texts/de_DE.lang"
        },
        {
            "path": "emote_simpleClap/texts/el_GR.lang"
        },
        {
            "path": "emote_simpleClap/texts/en_GB.lang"
        },
        {
            "path": "emote_simpleClap/texts/es_ES.lang"
        },
        {
            "path": "emote_simpleClap/texts/es_MX.lang"
        },
        {
            "path": "emote_simpleClap/texts/fi_FI.lang"
        },
        {
            "path": "emote_simpleClap/texts/fr_CA.lang"
        },
        {
            "path": "emote_simpleClap/texts/fr_FR.lang"
        },
        {
            "path": "emote_simpleClap/texts/hu_HU.lang"
        },
        {
            "path": "emote_simpleClap/texts/id_ID.lang"
        },
        {
            "path": "emote_simpleClap/texts/it_IT.lang"
        },
        {
            "path": "emote_simpleClap/texts/ja_JP.lang"
        },
        {
            "path": "emote_simpleClap/texts/ko_KR.lang"
        },
        {
            "path": "emote_simpleClap/texts/nb_NO.lang"
        },
        {
            "path": "emote_simpleClap/texts/nl_NL.lang"
        },
        {
            "path": "emote_simpleClap/texts/pl_PL.lang"
        },
        {
            "path": "emote_simpleClap/texts/pt_BR.lang"
        },
        {
            "path": "emote_simpleClap/texts/pt_PT.lang"
        },
        {
            "path": "emote_simpleClap/texts/ru_RU.lang"
        },
        {
            "path": "emote_simpleClap/texts/sk_SK.lang"
        },
        {
            "path": "emote_simpleClap/texts/sv_SE.lang"
        },
        {
            "path": "emote_simpleClap/texts/tr_TR.lang"
        },
        {
            "path": "emote_simpleClap/texts/uk_UA.lang"
        },
        {
            "path": "emote_simpleClap/texts/zh_CN.lang"
        },
        {
            "path": "emote_simpleClap/texts/zh_TW.lang"
        },
        {
            "path": "emote_wave/texts/bg_BG.lang"
        },
        {
            "path": "emote_wave/texts/cs_CZ.lang"
        },
        {
            "path": "emote_wave/texts/da_DK.lang"
        },
        {
            "path": "emote_wave/texts/de_DE.lang"
        },
        {
            "path": "emote_wave/texts/el_GR.lang"
        },
        {
            "path": "emote_wave/texts/en_GB.lang"
        },
        {
            "path": "emote_wave/texts/es_ES.lang"
        },
        {
            "path": "emote_wave/texts/es_MX.lang"
        },
        {
            "path": "emote_wave/texts/fi_FI.lang"
        },
        {
            "path": "emote_wave/texts/fr_CA.lang"
        },
        {
            "path": "emote_wave/texts/fr_FR.lang"
        },
        {
            "path": "emote_wave/texts/hu_HU.lang"
        },
        {
            "path": "emote_wave/texts/id_ID.lang"
        },
        {
            "path": "emote_wave/texts/it_IT.lang"
        },
        {
            "path": "emote_wave/texts/ja_JP.lang"
        },
        {
            "path": "emote_wave/texts/ko_KR.lang"
        },
        {
            "path": "emote_wave/texts/nb_NO.lang"
        },
        {
            "path": "emote_wave/texts/nl_NL.lang"
        },
        {
            "path": "emote_wave/texts/pl_PL.lang"
        },
        {
            "path": "emote_wave/texts/pt_BR.lang"
        },
        {
            "path": "emote_wave/texts/pt_PT.lang"
        },
        {
            "path": "emote_wave/texts/ru_RU.lang"
        },
        {
            "path": "emote_wave/texts/sk_SK.lang"
        },
        {
            "path": "emote_wave/texts/sv_SE.lang"
        },
        {
            "path": "emote_wave/texts/tr_TR.lang"
        },
        {
            "path": "emote_wave/texts/uk_UA.lang"
        },
        {
            "path": "emote_wave/texts/zh_CN.lang"
        },
        {
            "path": "emote_wave/texts/zh_TW.lang"
        },
        {
            "path": "pieces/alex_hair/alex_hair.meta.json"
        },
        {
            "path": "pieces/alex_hair/alex_hair.store_info.json"
        },
        {
            "path": "pieces/alex_hair/alex_hair_body.png"
        },
        {
            "path": "pieces/alex_hair/alex_hair_body_tintmap.tga"
        },
        {
            "path": "pieces/alex_hair/alex_hair_head.png"
        },
        {
            "path": "pieces/alex_hair/alex_hair_head_tintmap.tga"
        },
        {
            "path": "pieces/alex_pants/alex_pants.meta.json"
        },
        {
            "path": "pieces/alex_pants/alex_pants.png"
        },
        {
            "path": "pieces/alex_pants/alex_pants.store_info.json"
        },
        {
            "path": "pieces/alex_shirt/alex_shirt.meta.json"
        },
        {
            "path": "pieces/alex_shirt/alex_shirt.png"
        },
        {
            "path": "pieces/alex_shirt/alex_shirt.store_info.json"
        },
        {
            "path": "pieces/alex_shoes/alex_shoes.meta.json"
        },
        {
            "path": "pieces/alex_shoes/alex_shoes.png"
        },
        {
            "path": "pieces/alex_shoes/alex_shoes.store_info.json"
        },
        {
            "path": "pieces/alex_skin/alex_body.png"
        },
        {
            "path": "pieces/alex_skin/alex_body_tintmap_tintmap.tga"
        },
        {
            "path": "pieces/alex_skin/alex_head.png"
        },
        {
            "path": "pieces/alex_skin/alex_head_tintmap_tintmap.tga"
        },
        {
            "path": "pieces/alex_skin/alex_skin.meta.json"
        },
        {
            "path": "pieces/alex_skin/skin_alex.store_info.json"
        },
        {
            "path": "pieces/ari_hair/ari_hair.meta.json"
        },
        {
            "path": "pieces/ari_hair/ari_hair.store_info.json"
        },
        {
            "path": "pieces/ari_hair/ari_hair_body.png"
        },
        {
            "path": "pieces/ari_hair/ari_hair_body_tintmap.tga"
        },
        {
            "path": "pieces/ari_hair/ari_hair_head.png"
        },
        {
            "path": "pieces/ari_hair/ari_hair_head_tintmap.tga"
        },
        {
            "path": "pieces/ari_pants/ari_pants.meta.json"
        },
        {
            "path": "pieces/ari_pants/ari_pants.png"
        },
        {
            "path": "pieces/ari_pants/ari_pants.store_info.json"
        },
        {
            "path": "pieces/ari_shirt/ari_shirt.meta.json"
        },
        {
            "path": "pieces/ari_shirt/ari_shirt.png"
        },
        {
            "path": "pieces/ari_shirt/ari_shirt.store_info.json"
        },
        {
            "path": "pieces/ari_shoes/ari_shoes.meta.json"
        },
        {
            "path": "pieces/ari_shoes/ari_shoes.png"
        },
        {
            "path": "pieces/ari_shoes/ari_shoes.store_info.json"
        },
        {
            "path": "pieces/ari_skin/ari_skin.meta.json"
        },
        {
            "path": "pieces/ari_skin/ari_skin.store_info.json"
        },
        {
            "path": "pieces/ari_skin/ari_skin_body.png"
        },
        {
            "path": "pieces/ari_skin/ari_skin_body_tintmap.tga"
        },
        {
            "path": "pieces/ari_skin/ari_skin_head.png"
        },
        {
            "path": "pieces/ari_skin/ari_skin_head_tintmap.tga"
        },
        {
            "path": "pieces/body/medium/clothing_map.tga"
        },
        {
            "path": "pieces/body/medium/face_clothing_map.tga"
        },
        {
            "path": "pieces/body/medium/medium.geometry.json"
        },
        {
            "path": "pieces/body/medium/medium.meta.json"
        },
        {
            "path": "pieces/body/medium_skeleton/medium_skeleton.geometry.json"
        },
        {
            "path": "pieces/body/medium_skeleton/medium_skeleton.meta.json"
        },
        {
            "path": "pieces/body/small/clothing_map.tga"
        },
        {
            "path": "pieces/body/small/face_clothing_map.tga"
        },
        {
            "path": "pieces/body/small/small.geometry.json"
        },
        {
            "path": "pieces/body/small/small.meta.json"
        },
        {
            "path": "pieces/body/smaller/clothing_map.tga"
        },
        {
            "path": "pieces/body/smaller/face_clothing_map.tga"
        },
        {
            "path": "pieces/body/smaller/smaller.geometry.json"
        },
        {
            "path": "pieces/body/smaller/smaller.meta.json"
        },
        {
            "path": "pieces/body/smaller_skeleton/smaller_skeleton.geometry.json"
        },
        {
            "path": "pieces/body/smaller_skeleton/smaller_skeleton.meta.json"
        },
        {
            "path": "pieces/body/small_skeleton/small_skeleton.geometry.json"
        },
        {
            "path": "pieces/body/small_skeleton/small_skeleton.meta.json"
        },
        {
            "path": "pieces/body/tall/clothing_map.tga"
        },
        {
            "path": "pieces/body/tall/face_clothing_map.tga"
        },
        {
            "path": "pieces/body/tall/tall.geometry.json"
        },
        {
            "path": "pieces/body/tall/tall.meta.json"
        },
        {
            "path": "pieces/body/tall_skeleton/tall_skeleton.geometry.json"
        },
        {
            "path": "pieces/body/tall_skeleton/tall_skeleton.meta.json"
        },
        {
            "path": "pieces/efe_cardigan/efe_cardigan.meta.json"
        },
        {
            "path": "pieces/efe_cardigan/efe_cardigan.png"
        },
        {
            "path": "pieces/efe_cardigan/efe_cardigan.store_info.json"
        },
        {
            "path": "pieces/efe_earring/efe_earring.meta.json"
        },
        {
            "path": "pieces/efe_earring/efe_earring.png"
        },
        {
            "path": "pieces/efe_earring/efe_earring.store_info.json"
        },
        {
            "path": "pieces/efe_hair/efe_hair.meta.json"
        },
        {
            "path": "pieces/efe_hair/efe_hair.store_info.json"
        },
        {
            "path": "pieces/efe_hair/efe_hair_head.png"
        },
        {
            "path": "pieces/efe_hair/efe_hair_head_tintmap.tga"
        },
        {
            "path": "pieces/efe_jewels/efe_jewelry.meta.json"
        },
        {
            "path": "pieces/efe_jewels/efe_jewelry.png"
        },
        {
            "path": "pieces/efe_jewels/efe_jewels.store_info.json"
        },
        {
            "path": "pieces/efe_pants/efe_pants.meta.json"
        },
        {
            "path": "pieces/efe_pants/efe_pants.png"
        },
        {
            "path": "pieces/efe_pants/efe_pants.store_info.json"
        },
        {
            "path": "pieces/efe_shirt/efe_shirt.meta.json"
        },
        {
            "path": "pieces/efe_shirt/efe_shirt.png"
        },
        {
            "path": "pieces/efe_shirt/efe_shirt.store_info.json"
        },
        {
            "path": "pieces/efe_shoes/efe_shoes.meta.json"
        },
        {
            "path": "pieces/efe_shoes/efe_shoes.png"
        },
        {
            "path": "pieces/efe_shoes/efe_shoes.store_info.json"
        },
        {
            "path": "pieces/efe_skin/efe_skin.meta.json"
        },
        {
            "path": "pieces/efe_skin/efe_skin.store_info.json"
        },
        {
            "path": "pieces/efe_skin/efe_skin_body.png"
        },
        {
            "path": "pieces/efe_skin/efe_skin_body_tintmap.tga"
        },
        {
            "path": "pieces/efe_skin/efe_skin_head.png"
        },
        {
            "path": "pieces/efe_skin/efe_skin_head_tintmap.tga"
        },
        {
            "path": "pieces/emote_followMe/communication_follow_me.animation.json"
        },
        {
            "path": "pieces/emote_followMe/communication_follow_me.meta.json"
        },
        {
            "path": "pieces/emote_followMe/communication_follow_me.store_info.json"
        },
        {
            "path": "pieces/emote_followMe/texts/bg_BG.lang"
        },
        {
            "path": "pieces/emote_followMe/texts/cs_CZ.lang"
        },
        {
            "path": "pieces/emote_followMe/texts/da_DK.lang"
        },
        {
            "path": "pieces/emote_followMe/texts/de_DE.lang"
        },
        {
            "path": "pieces/emote_followMe/texts/el_GR.lang"
        },
        {
            "path": "pieces/emote_followMe/texts/en_GB.lang"
        },
        {
            "path": "pieces/emote_followMe/texts/en_US.lang"
        },
        {
            "path": "pieces/emote_followMe/texts/es_ES.lang"
        },
        {
            "path": "pieces/emote_followMe/texts/es_MX.lang"
        },
        {
            "path": "pieces/emote_followMe/texts/fi_FI.lang"
        },
        {
            "path": "pieces/emote_followMe/texts/fr_CA.lang"
        },
        {
            "path": "pieces/emote_followMe/texts/fr_FR.lang"
        },
        {
            "path": "pieces/emote_followMe/texts/hu_HU.lang"
        },
        {
            "path": "pieces/emote_followMe/texts/id_ID.lang"
        },
        {
            "path": "pieces/emote_followMe/texts/it_IT.lang"
        },
        {
            "path": "pieces/emote_followMe/texts/ja_JP.lang"
        },
        {
            "path": "pieces/emote_followMe/texts/ko_KR.lang"
        },
        {
            "path": "pieces/emote_followMe/texts/nb_NO.lang"
        },
        {
            "path": "pieces/emote_followMe/texts/nl_NL.lang"
        },
        {
            "path": "pieces/emote_followMe/texts/pl_PL.lang"
        },
        {
            "path": "pieces/emote_followMe/texts/pt_BR.lang"
        },
        {
            "path": "pieces/emote_followMe/texts/pt_PT.lang"
        },
        {
            "path": "pieces/emote_followMe/texts/ru_RU.lang"
        },
        {
            "path": "pieces/emote_followMe/texts/sk_SK.lang"
        },
        {
            "path": "pieces/emote_followMe/texts/sv_SE.lang"
        },
        {
            "path": "pieces/emote_followMe/texts/tr_TR.lang"
        },
        {
            "path": "pieces/emote_followMe/texts/uk_UA.lang"
        },
        {
            "path": "pieces/emote_followMe/texts/zh_CN.lang"
        },
        {
            "path": "pieces/emote_followMe/texts/zh_TW.lang"
        },
        {
            "path": "pieces/emote_overThere/communication_point.animation.json"
        },
        {
            "path": "pieces/emote_overThere/communication_point.meta.json"
        },
        {
            "path": "pieces/emote_overThere/communication_point.store_info.json"
        },
        {
            "path": "pieces/emote_overThere/texts/bg_BG.lang"
        },
        {
            "path": "pieces/emote_overThere/texts/cs_CZ.lang"
        },
        {
            "path": "pieces/emote_overThere/texts/da_DK.lang"
        },
        {
            "path": "pieces/emote_overThere/texts/de_DE.lang"
        },
        {
            "path": "pieces/emote_overThere/texts/el_GR.lang"
        },
        {
            "path": "pieces/emote_overThere/texts/en_GB.lang"
        },
        {
            "path": "pieces/emote_overThere/texts/en_US.lang"
        },
        {
            "path": "pieces/emote_overThere/texts/es_ES.lang"
        },
        {
            "path": "pieces/emote_overThere/texts/es_MX.lang"
        },
        {
            "path": "pieces/emote_overThere/texts/fi_FI.lang"
        },
        {
            "path": "pieces/emote_overThere/texts/fr_CA.lang"
        },
        {
            "path": "pieces/emote_overThere/texts/fr_FR.lang"
        },
        {
            "path": "pieces/emote_overThere/texts/hu_HU.lang"
        },
        {
            "path": "pieces/emote_overThere/texts/id_ID.lang"
        },
        {
            "path": "pieces/emote_overThere/texts/it_IT.lang"
        },
        {
            "path": "pieces/emote_overThere/texts/ja_JP.lang"
        },
        {
            "path": "pieces/emote_overThere/texts/ko_KR.lang"
        },
        {
            "path": "pieces/emote_overThere/texts/nb_NO.lang"
        },
        {
            "path": "pieces/emote_overThere/texts/nl_NL.lang"
        },
        {
            "path": "pieces/emote_overThere/texts/pl_PL.lang"
        },
        {
            "path": "pieces/emote_overThere/texts/pt_BR.lang"
        },
        {
            "path": "pieces/emote_overThere/texts/pt_PT.lang"
        },
        {
            "path": "pieces/emote_overThere/texts/ru_RU.lang"
        },
        {
            "path": "pieces/emote_overThere/texts/sk_SK.lang"
        },
        {
            "path": "pieces/emote_overThere/texts/sv_SE.lang"
        },
        {
            "path": "pieces/emote_overThere/texts/tr_TR.lang"
        },
        {
            "path": "pieces/emote_overThere/texts/uk_UA.lang"
        },
        {
            "path": "pieces/emote_overThere/texts/zh_CN.lang"
        },
        {
            "path": "pieces/emote_overThere/texts/zh_TW.lang"
        },
        {
            "path": "pieces/emote_simpleClap/basic_clap.animation.json"
        },
        {
            "path": "pieces/emote_simpleClap/basic_clap.meta.json"
        },
        {
            "path": "pieces/emote_simpleClap/basic_clap.store_info.json"
        },
        {
            "path": "pieces/emote_simpleClap/texts/bg_BG.lang"
        },
        {
            "path": "pieces/emote_simpleClap/texts/cs_CZ.lang"
        },
        {
            "path": "pieces/emote_simpleClap/texts/da_DK.lang"
        },
        {
            "path": "pieces/emote_simpleClap/texts/de_DE.lang"
        },
        {
            "path": "pieces/emote_simpleClap/texts/el_GR.lang"
        },
        {
            "path": "pieces/emote_simpleClap/texts/en_GB.lang"
        },
        {
            "path": "pieces/emote_simpleClap/texts/en_US.lang"
        },
        {
            "path": "pieces/emote_simpleClap/texts/es_ES.lang"
        },
        {
            "path": "pieces/emote_simpleClap/texts/es_MX.lang"
        },
        {
            "path": "pieces/emote_simpleClap/texts/fi_FI.lang"
        },
        {
            "path": "pieces/emote_simpleClap/texts/fr_CA.lang"
        },
        {
            "path": "pieces/emote_simpleClap/texts/fr_FR.lang"
        },
        {
            "path": "pieces/emote_simpleClap/texts/hu_HU.lang"
        },
        {
            "path": "pieces/emote_simpleClap/texts/id_ID.lang"
        },
        {
            "path": "pieces/emote_simpleClap/texts/it_IT.lang"
        },
        {
            "path": "pieces/emote_simpleClap/texts/ja_JP.lang"
        },
        {
            "path": "pieces/emote_simpleClap/texts/ko_KR.lang"
        },
        {
            "path": "pieces/emote_simpleClap/texts/nb_NO.lang"
        },
        {
            "path": "pieces/emote_simpleClap/texts/nl_NL.lang"
        },
        {
            "path": "pieces/emote_simpleClap/texts/pl_PL.lang"
        },
        {
            "path": "pieces/emote_simpleClap/texts/pt_BR.lang"
        },
        {
            "path": "pieces/emote_simpleClap/texts/pt_PT.lang"
        },
        {
            "path": "pieces/emote_simpleClap/texts/ru_RU.lang"
        },
        {
            "path": "pieces/emote_simpleClap/texts/sk_SK.lang"
        },
        {
            "path": "pieces/emote_simpleClap/texts/sv_SE.lang"
        },
        {
            "path": "pieces/emote_simpleClap/texts/tr_TR.lang"
        },
        {
            "path": "pieces/emote_simpleClap/texts/uk_UA.lang"
        },
        {
            "path": "pieces/emote_simpleClap/texts/zh_CN.lang"
        },
        {
            "path": "pieces/emote_simpleClap/texts/zh_TW.lang"
        },
        {
            "path": "pieces/emote_wave/overhead_wave.animation.json"
        },
        {
            "path": "pieces/emote_wave/overhead_wave.meta.json"
        },
        {
            "path": "pieces/emote_wave/overhead_wave.store_info.json"
        },
        {
            "path": "pieces/emote_wave/texts/bg_BG.lang"
        },
        {
            "path": "pieces/emote_wave/texts/cs_CZ.lang"
        },
        {
            "path": "pieces/emote_wave/texts/da_DK.lang"
        },
        {
            "path": "pieces/emote_wave/texts/de_DE.lang"
        },
        {
            "path": "pieces/emote_wave/texts/el_GR.lang"
        },
        {
            "path": "pieces/emote_wave/texts/en_GB.lang"
        },
        {
            "path": "pieces/emote_wave/texts/en_US.lang"
        },
        {
            "path": "pieces/emote_wave/texts/es_ES.lang"
        },
        {
            "path": "pieces/emote_wave/texts/es_MX.lang"
        },
        {
            "path": "pieces/emote_wave/texts/fi_FI.lang"
        },
        {
            "path": "pieces/emote_wave/texts/fr_CA.lang"
        },
        {
            "path": "pieces/emote_wave/texts/fr_FR.lang"
        },
        {
            "path": "pieces/emote_wave/texts/hu_HU.lang"
        },
        {
            "path": "pieces/emote_wave/texts/id_ID.lang"
        },
        {
            "path": "pieces/emote_wave/texts/it_IT.lang"
        },
        {
            "path": "pieces/emote_wave/texts/ja_JP.lang"
        },
        {
            "path": "pieces/emote_wave/texts/ko_KR.lang"
        },
        {
            "path": "pieces/emote_wave/texts/nb_NO.lang"
        },
        {
            "path": "pieces/emote_wave/texts/nl_NL.lang"
        },
        {
            "path": "pieces/emote_wave/texts/pl_PL.lang"
        },
        {
            "path": "pieces/emote_wave/texts/pt_BR.lang"
        },
        {
            "path": "pieces/emote_wave/texts/pt_PT.lang"
        },
        {
            "path": "pieces/emote_wave/texts/ru_RU.lang"
        },
        {
            "path": "pieces/emote_wave/texts/sk_SK.lang"
        },
        {
            "path": "pieces/emote_wave/texts/sv_SE.lang"
        },
        {
            "path": "pieces/emote_wave/texts/tr_TR.lang"
        },
        {
            "path": "pieces/emote_wave/texts/uk_UA.lang"
        },
        {
            "path": "pieces/emote_wave/texts/zh_CN.lang"
        },
        {
            "path": "pieces/emote_wave/texts/zh_TW.lang"
        },
        {
            "path": "pieces/kai_dress/kai_dress.meta.json"
        },
        {
            "path": "pieces/kai_dress/kai_dress.png"
        },
        {
            "path": "pieces/kai_dress/kai_dress.store_info.json"
        },
        {
            "path": "pieces/kai_hair/kai_hair.meta.json"
        },
        {
            "path": "pieces/kai_hair/kai_hair.store_info.json"
        },
        {
            "path": "pieces/kai_hair/kai_hair_head.png"
        },
        {
            "path": "pieces/kai_hair/kai_hair_head_tintmap.tga"
        },
        {
            "path": "pieces/kai_jacket/kai_jacket.meta.json"
        },
        {
            "path": "pieces/kai_jacket/kai_jacket.png"
        },
        {
            "path": "pieces/kai_jacket/kai_jacket.store_info.json"
        },
        {
            "path": "pieces/kai_shoes/kai_shoes.meta.json"
        },
        {
            "path": "pieces/kai_shoes/kai_shoes.png"
        },
        {
            "path": "pieces/kai_shoes/kai_shoes.store_info.json"
        },
        {
            "path": "pieces/kai_skin/kai_skin.meta.json"
        },
        {
            "path": "pieces/kai_skin/kai_skin.store_info.json"
        },
        {
            "path": "pieces/kai_skin/kai_skin_body.png"
        },
        {
            "path": "pieces/kai_skin/kai_skin_body_tintmap.tga"
        },
        {
            "path": "pieces/kai_skin/kai_skin_head.png"
        },
        {
            "path": "pieces/kai_skin/kai_skin_head_tintmap.tga"
        },
        {
            "path": "pieces/makena_hair/makena_hair.meta.json"
        },
        {
            "path": "pieces/makena_hair/makena_hair.store_info.json"
        },
        {
            "path": "pieces/makena_hair/makena_hair_body.png"
        },
        {
            "path": "pieces/makena_hair/makena_hair_body_tintmap.tga"
        },
        {
            "path": "pieces/makena_hair/makena_hair_head.png"
        },
        {
            "path": "pieces/makena_hair/makena_hair_head_tintmap.tga"
        },
        {
            "path": "pieces/makena_pants/makena_pants.meta.json"
        },
        {
            "path": "pieces/makena_pants/makena_pants.png"
        },
        {
            "path": "pieces/makena_pants/makena_pants.store_info.json"
        },
        {
            "path": "pieces/makena_shirt/makena_shirt.meta.json"
        },
        {
            "path": "pieces/makena_shirt/makena_shirt.store_info.json"
        },
        {
            "path": "pieces/makena_shirt/makena_sweater.png"
        },
        {
            "path": "pieces/makena_shoes/makena_shoes.meta.json"
        },
        {
            "path": "pieces/makena_shoes/makena_shoes.png"
        },
        {
            "path": "pieces/makena_shoes/makena_shoes.store_info.json"
        },
        {
            "path": "pieces/makena_skin/makena_skin.meta.json"
        },
        {
            "path": "pieces/makena_skin/makena_skin.store_info.json"
        },
        {
            "path": "pieces/makena_skin/makena_skin_body.png"
        },
        {
            "path": "pieces/makena_skin/makena_skin_body_tintmap.tga"
        },
        {
            "path": "pieces/makena_skin/makena_skin_head.png"
        },
        {
            "path": "pieces/makena_skin/makena_skin_head_tintmap.tga"
        },
        {
            "path": "pieces/noor_hair/noor_hair.meta.json"
        },
        {
            "path": "pieces/noor_hair/noor_hair.store_info.json"
        },
        {
            "path": "pieces/noor_hair/noor_hair_body.png"
        },
        {
            "path": "pieces/noor_hair/noor_hair_body_tintmap.tga"
        },
        {
            "path": "pieces/noor_hair/noor_hair_head.png"
        },
        {
            "path": "pieces/noor_hair/noor_hair_head_tintmap.tga"
        },
        {
            "path": "pieces/noor_jacket/noor_jacket.meta.json"
        },
        {
            "path": "pieces/noor_jacket/noor_jacket.png"
        },
        {
            "path": "pieces/noor_jacket/noor_jacket.store_info.json"
        },
        {
            "path": "pieces/noor_pants/noor_pants.meta.json"
        },
        {
            "path": "pieces/noor_pants/noor_pants.png"
        },
        {
            "path": "pieces/noor_pants/noor_pants.store_info.json"
        },
        {
            "path": "pieces/noor_shirt/noor_shirt.meta.json"
        },
        {
            "path": "pieces/noor_shirt/noor_shirt.png"
        },
        {
            "path": "pieces/noor_shirt/noor_shirt.store_info.json"
        },
        {
            "path": "pieces/noor_shoes/noor_shoes.meta.json"
        },
        {
            "path": "pieces/noor_shoes/noor_shoes.png"
        },
        {
            "path": "pieces/noor_shoes/noor_shoes.store_info.json"
        },
        {
            "path": "pieces/noor_skin/noor_skin.meta.json"
        },
        {
            "path": "pieces/noor_skin/noor_skin.store_info.json"
        },
        {
            "path": "pieces/noor_skin/noor_skin_body.png"
        },
        {
            "path": "pieces/noor_skin/noor_skin_body_tintmap.tga"
        },
        {
            "path": "pieces/noor_skin/noor_skin_head.png"
        },
        {
            "path": "pieces/noor_skin/noor_skin_head_tintmap.tga"
        },
        {
            "path": "pieces/standard_eyes/standard_afraid.png"
        },
        {
            "path": "pieces/standard_eyes/standard_afraid.tga"
        },
        {
            "path": "pieces/standard_eyes/standard_determined.png"
        },
        {
            "path": "pieces/standard_eyes/standard_determined.tga"
        },
        {
            "path": "pieces/standard_eyes/standard_eyes.meta.json"
        },
        {
            "path": "pieces/standard_eyes/standard_eyes.store_info.json"
        },
        {
            "path": "pieces/standard_eyes/standard_happy.png"
        },
        {
            "path": "pieces/standard_eyes/standard_happy.tga"
        },
        {
            "path": "pieces/standard_eyes/standard_happy_blink.png"
        },
        {
            "path": "pieces/standard_eyes/standard_happy_blink.tga"
        },
        {
            "path": "pieces/standard_eyes/standard_hard_blink.png"
        },
        {
            "path": "pieces/standard_eyes/standard_hard_blink.tga"
        },
        {
            "path": "pieces/standard_eyes/standard_incredulous.png"
        },
        {
            "path": "pieces/standard_eyes/standard_incredulous.tga"
        },
        {
            "path": "pieces/standard_eyes/standard_neutral.png"
        },
        {
            "path": "pieces/standard_eyes/standard_neutral.tga"
        },
        {
            "path": "pieces/standard_eyes/standard_neutral_and_blink.png"
        },
        {
            "path": "pieces/standard_eyes/standard_neutral_and_blink.tga"
        },
        {
            "path": "pieces/standard_eyes/standard_neutral_blink.png"
        },
        {
            "path": "pieces/standard_eyes/standard_neutral_blink.tga"
        },
        {
            "path": "pieces/standard_eyes/standard_rage.png"
        },
        {
            "path": "pieces/standard_eyes/standard_rage.tga"
        },
        {
            "path": "pieces/standard_eyes/standard_smile_end.png"
        },
        {
            "path": "pieces/standard_eyes/standard_smile_end.tga"
        },
        {
            "path": "pieces/standard_eyes/standard_smile_glad.png"
        },
        {
            "path": "pieces/standard_eyes/standard_smile_glad.tga"
        },
        {
            "path": "pieces/standard_eyes/standard_smile_look_left.png"
        },
        {
            "path": "pieces/standard_eyes/standard_smile_look_left.tga"
        },
        {
            "path": "pieces/standard_eyes/standard_smile_look_right.png"
        },
        {
            "path": "pieces/standard_eyes/standard_smile_look_right.tga"
        },
        {
            "path": "pieces/standard_eyes/standard_smile_side.png"
        },
        {
            "path": "pieces/standard_eyes/standard_smile_side.tga"
        },
        {
            "path": "pieces/standard_eyes/standard_stunned.png"
        },
        {
            "path": "pieces/standard_eyes/standard_stunned.tga"
        },
        {
            "path": "pieces/standard_eyes/standard_thinking.png"
        },
        {
            "path": "pieces/standard_eyes/standard_thinking.tga"
        },
        {
            "path": "pieces/standard_eyes/standard_worried.png"
        },
        {
            "path": "pieces/standard_eyes/standard_worried.tga"
        },
        {
            "path": "pieces/standard_eyes/standard_yelling.png"
        },
        {
            "path": "pieces/standard_eyes/standard_yelling.tga"
        },
        {
            "path": "pieces/standard_mouth/standard_afraid.png"
        },
        {
            "path": "pieces/standard_mouth/standard_afraid.tga"
        },
        {
            "path": "pieces/standard_mouth/standard_determined.png"
        },
        {
            "path": "pieces/standard_mouth/standard_determined.tga"
        },
        {
            "path": "pieces/standard_mouth/standard_happy.png"
        },
        {
            "path": "pieces/standard_mouth/standard_happy.tga"
        },
        {
            "path": "pieces/standard_mouth/standard_happy_blink.png"
        },
        {
            "path": "pieces/standard_mouth/standard_happy_blink.tga"
        },
        {
            "path": "pieces/standard_mouth/standard_hard_blink.png"
        },
        {
            "path": "pieces/standard_mouth/standard_hard_blink.tga"
        },
        {
            "path": "pieces/standard_mouth/standard_incredulous.png"
        },
        {
            "path": "pieces/standard_mouth/standard_incredulous.tga"
        },
        {
            "path": "pieces/standard_mouth/standard_mouth.meta.json"
        },
        {
            "path": "pieces/standard_mouth/standard_mouth.store_info.json"
        },
        {
            "path": "pieces/standard_mouth/standard_neutral.png"
        },
        {
            "path": "pieces/standard_mouth/standard_neutral.tga"
        },
        {
            "path": "pieces/standard_mouth/standard_neutral_blink.png"
        },
        {
            "path": "pieces/standard_mouth/standard_neutral_blink.tga"
        },
        {
            "path": "pieces/standard_mouth/standard_rage.png"
        },
        {
            "path": "pieces/standard_mouth/standard_rage.tga"
        },
        {
            "path": "pieces/standard_mouth/standard_smile_end.png"
        },
        {
            "path": "pieces/standard_mouth/standard_smile_end.tga"
        },
        {
            "path": "pieces/standard_mouth/standard_smile_glad.png"
        },
        {
            "path": "pieces/standard_mouth/standard_smile_glad.tga"
        },
        {
            "path": "pieces/standard_mouth/standard_smile_left.png"
        },
        {
            "path": "pieces/standard_mouth/standard_smile_left.tga"
        },
        {
            "path": "pieces/standard_mouth/standard_smile_right.png"
        },
        {
            "path": "pieces/standard_mouth/standard_smile_right.tga"
        },
        {
            "path": "pieces/standard_mouth/standard_smile_side.png"
        },
        {
            "path": "pieces/standard_mouth/standard_smile_side.tga"
        },
        {
            "path": "pieces/standard_mouth/standard_stunned.png"
        },
        {
            "path": "pieces/standard_mouth/standard_stunned.tga"
        },
        {
            "path": "pieces/standard_mouth/standard_thinking.png"
        },
        {
            "path": "pieces/standard_mouth/standard_thinking.tga"
        },
        {
            "path": "pieces/standard_mouth/standard_worried.png"
        },
        {
            "path": "pieces/standard_mouth/standard_worried.tga"
        },
        {
            "path": "pieces/standard_mouth/standard_yelling.png"
        },
        {
            "path": "pieces/standard_mouth/standard_yelling.tga"
        },
        {
            "path": "pieces/steve_beard/steve_beard.meta.json"
        },
        {
            "path": "pieces/steve_beard/steve_beard.store_info.json"
        },
        {
            "path": "pieces/steve_beard/steve_goatee.png"
        },
        {
            "path": "pieces/steve_beard/steve_goatee_tintmap.tga"
        },
        {
            "path": "pieces/steve_hair/steve_hair.meta.json"
        },
        {
            "path": "pieces/steve_hair/steve_hair.store_info.json"
        },
        {
            "path": "pieces/steve_hair/steve_hair_head.png"
        },
        {
            "path": "pieces/steve_hair/steve_hair_head_tintmap.tga"
        },
        {
            "path": "pieces/steve_mouth/steve_afraid.png"
        },
        {
            "path": "pieces/steve_mouth/steve_afraid.tga"
        },
        {
            "path": "pieces/steve_mouth/steve_determined.png"
        },
        {
            "path": "pieces/steve_mouth/steve_determined.tga"
        },
        {
            "path": "pieces/steve_mouth/steve_happy.png"
        },
        {
            "path": "pieces/steve_mouth/steve_happy.tga"
        },
        {
            "path": "pieces/steve_mouth/steve_happy_blink.png"
        },
        {
            "path": "pieces/steve_mouth/steve_happy_blink.tga"
        },
        {
            "path": "pieces/steve_mouth/steve_hard_blink.png"
        },
        {
            "path": "pieces/steve_mouth/steve_hard_blink.tga"
        },
        {
            "path": "pieces/steve_mouth/steve_incredulous.png"
        },
        {
            "path": "pieces/steve_mouth/steve_incredulous.tga"
        },
        {
            "path": "pieces/steve_mouth/steve_mouth.meta.meta.json"
        },
        {
            "path": "pieces/steve_mouth/steve_mouth.store_info.json"
        },
        {
            "path": "pieces/steve_mouth/steve_neutral.png"
        },
        {
            "path": "pieces/steve_mouth/steve_neutral.tga"
        },
        {
            "path": "pieces/steve_mouth/steve_neutral_blink.png"
        },
        {
            "path": "pieces/steve_mouth/steve_neutral_blink.tga"
        },
        {
            "path": "pieces/steve_mouth/steve_rage.png"
        },
        {
            "path": "pieces/steve_mouth/steve_rage.tga"
        },
        {
            "path": "pieces/steve_mouth/steve_smile_end.png"
        },
        {
            "path": "pieces/steve_mouth/steve_smile_end.tga"
        },
        {
            "path": "pieces/steve_mouth/steve_smile_glad.png"
        },
        {
            "path": "pieces/steve_mouth/steve_smile_glad.tga"
        },
        {
            "path": "pieces/steve_mouth/steve_smile_left.png"
        },
        {
            "path": "pieces/steve_mouth/steve_smile_left.tga"
        },
        {
            "path": "pieces/steve_mouth/steve_smile_right.png"
        },
        {
            "path": "pieces/steve_mouth/steve_smile_right.tga"
        },
        {
            "path": "pieces/steve_mouth/steve_smile_side.png"
        },
        {
            "path": "pieces/steve_mouth/steve_smile_side.tga"
        },
        {
            "path": "pieces/steve_mouth/steve_stunned.png"
        },
        {
            "path": "pieces/steve_mouth/steve_stunned.tga"
        },
        {
            "path": "pieces/steve_mouth/steve_thinking.png"
        },
        {
            "path": "pieces/steve_mouth/steve_thinking.tga"
        },
        {
            "path": "pieces/steve_mouth/steve_worried.png"
        },
        {
            "path": "pieces/steve_mouth/steve_worried.tga"
        },
        {
            "path": "pieces/steve_mouth/steve_yelling.png"
        },
        {
            "path": "pieces/steve_mouth/steve_yelling.tga"
        },
        {
            "path": "pieces/steve_pants/steve_pants.meta.json"
        },
        {
            "path": "pieces/steve_pants/steve_pants.png"
        },
        {
            "path": "pieces/steve_pants/steve_pants.store_info.json"
        },
        {
            "path": "pieces/steve_shirt/steve_shirt.meta.json"
        },
        {
            "path": "pieces/steve_shirt/steve_shirt.png"
        },
        {
            "path": "pieces/steve_shirt/steve_shirt.store_info.json"
        },
        {
            "path": "pieces/steve_shoes/steve_shoes.meta.json"
        },
        {
            "path": "pieces/steve_shoes/steve_shoes.png"
        },
        {
            "path": "pieces/steve_shoes/steve_shoes.store_info.json"
        },
        {
            "path": "pieces/steve_skin/skin_steve.store_info.json"
        },
        {
            "path": "pieces/steve_skin/steve_skin.meta.json"
        },
        {
            "path": "pieces/steve_skin/steve_skin_body.png"
        },
        {
            "path": "pieces/steve_skin/steve_skin_body_tintmap.tga"
        },
        {
            "path": "pieces/steve_skin/steve_skin_head.png"
        },
        {
            "path": "pieces/steve_skin/steve_skin_head_tintmap.tga"
        },
        {
            "path": "pieces/straight/straight.meta.json"
        },
        {
            "path": "pieces/straight/straight.store_info.json"
        },
        {
            "path": "pieces/straight/straight_head.png"
        },
        {
            "path": "pieces/straight/straight_head_tintmap.tga"
        },
        {
            "path": "pieces/sunny_hair/sunny_hair.meta.json"
        },
        {
            "path": "pieces/sunny_hair/sunny_hair.store_info.json"
        },
        {
            "path": "pieces/sunny_hair/sunny_hair_head.png"
        },
        {
            "path": "pieces/sunny_hair/sunny_hair_head_tintmap.tga"
        },
        {
            "path": "pieces/sunny_pants/sunny_pants.meta.json"
        },
        {
            "path": "pieces/sunny_pants/sunny_pants.png"
        },
        {
            "path": "pieces/sunny_pants/sunny_pants.store_info.json"
        },
        {
            "path": "pieces/sunny_shirt/sunny_shirt.meta.json"
        },
        {
            "path": "pieces/sunny_shirt/sunny_shirt.png"
        },
        {
            "path": "pieces/sunny_shirt/sunny_shirt.store_info.json"
        },
        {
            "path": "pieces/sunny_shoes/sunny_shoes.meta.json"
        },
        {
            "path": "pieces/sunny_shoes/sunny_shoes.png"
        },
        {
            "path": "pieces/sunny_shoes/sunny_shoes.store_info.json"
        },
        {
            "path": "pieces/sunny_skin/sunny_skin.meta.json"
        },
        {
            "path": "pieces/sunny_skin/sunny_skin.store_info.json"
        },
        {
            "path": "pieces/sunny_skin/sunny_skin_body.png"
        },
        {
            "path": "pieces/sunny_skin/sunny_skin_body_tintmap.tga"
        },
        {
            "path": "pieces/sunny_skin/sunny_skin_head.png"
        },
        {
            "path": "pieces/sunny_skin/sunny_skin_head_tintmap.tga"
        },
        {
            "path": "pieces/zuri_hair/zuri_hair.meta.json"
        },
        {
            "path": "pieces/zuri_hair/zuri_hair.store_info.json"
        },
        {
            "path": "pieces/zuri_hair/zuri_hair_head.png"
        },
        {
            "path": "pieces/zuri_hair/zuri_hair_head_tintmap.tga"
        },
        {
            "path": "pieces/zuri_pants/zuri_pants.meta.json"
        },
        {
            "path": "pieces/zuri_pants/zuri_pants.png"
        },
        {
            "path": "pieces/zuri_pants/zuri_pants.store_info.json"
        },
        {
            "path": "pieces/zuri_shirt/zuri_Shirt.meta.json"
        },
        {
            "path": "pieces/zuri_shirt/zuri_shirt.png"
        },
        {
            "path": "pieces/zuri_shirt/zuri_shirt.store_info.json"
        },
        {
            "path": "pieces/zuri_shoes/zuri_shoes.meta.json"
        },
        {
            "path": "pieces/zuri_shoes/zuri_shoes.png"
        },
        {
            "path": "pieces/zuri_shoes/zuri_shoes.store_info.json"
        },
        {
            "path": "pieces/zuri_skin/zuri_skin.meta.json"
        },
        {
            "path": "pieces/zuri_skin/zuri_skin.store_info.json"
        },
        {
            "path": "pieces/zuri_skin/zuri_skin_body.png"
        },
        {
            "path": "pieces/zuri_skin/zuri_skin_body_tintmap.tga"
        },
        {
            "path": "pieces/zuri_skin/zuri_skin_head.png"
        },
        {
            "path": "pieces/zuri_skin/zuri_skin_head_tintmap.tga"
        },
        {
            "path": "texts/bg_BG.lang"
        },
        {
            "path": "texts/cs_CZ.lang"
        },
        {
            "path": "texts/da_DK.lang"
        },
        {
            "path": "texts/de_DE.lang"
        },
        {
            "path": "texts/el_GR.lang"
        },
        {
            "path": "texts/en_GB.lang"
        },
        {
            "path": "texts/en_US.lang"
        },
        {
            "path": "texts/es_ES.lang"
        },
        {
            "path": "texts/es_MX.lang"
        },
        {
            "path": "texts/fi_FI.lang"
        },
        {
            "path": "texts/fr_CA.lang"
        },
        {
            "path": "texts/fr_FR.lang"
        },
        {
            "path": "texts/hu_HU.lang"
        },
        {
            "path": "texts/id_ID.lang"
        },
        {
            "path": "texts/it_IT.lang"
        },
        {
            "path": "texts/ja_JP.lang"
        },
        {
            "path": "texts/ko_KR.lang"
        },
        {
            "path": "texts/nb_NO.lang"
        },
        {
            "path": "texts/nl_NL.lang"
        },
        {
            "path": "texts/pl_PL.lang"
        },
        {
            "path": "texts/pt_BR.lang"
        },
        {
            "path": "texts/pt_PT.lang"
        },
        {
            "path": "texts/ru_RU.lang"
        },
        {
            "path": "texts/sk_SK.lang"
        },
        {
            "path": "texts/sv_SE.lang"
        },
        {
            "path": "texts/tr_TR.lang"
        },
        {
            "path": "texts/uk_UA.lang"
        },
        {
            "path": "texts/zh_CN.lang"
        },
        {
            "path": "texts/zh_TW.lang"
        },
        {
            "path": "textures/textures_list.json"
        },
        {
            "path": "textures/persona_thumbnails/alex_hair_Thumbnail_0.png"
        },
        {
            "path": "textures/persona_thumbnails/alex_pants_Thumbnail_0.png"
        },
        {
            "path": "textures/persona_thumbnails/alex_shirt_Thumbnail_0.png"
        },
        {
            "path": "textures/persona_thumbnails/alex_shoes_Thumbnail_0.png"
        },
        {
            "path": "textures/persona_thumbnails/alex_skin_Thumbnail_0.png"
        },
        {
            "path": "textures/persona_thumbnails/ari_hair_Thumbnail_0.png"
        },
        {
            "path": "textures/persona_thumbnails/ari_pants_Thumbnail_0.png"
        },
        {
            "path": "textures/persona_thumbnails/ari_shirt_Thumbnail_0.png"
        },
        {
            "path": "textures/persona_thumbnails/ari_shoes_Thumbnail_0.png"
        },
        {
            "path": "textures/persona_thumbnails/ari_skin_Thumbnail_0.png"
        },
        {
            "path": "textures/persona_thumbnails/basic_clap_thumbnail_0.png"
        },
        {
            "path": "textures/persona_thumbnails/communication_follow_me_thumbnail_0.png"
        },
        {
            "path": "textures/persona_thumbnails/communication_point_thumbnail_0.png"
        },
        {
            "path": "textures/persona_thumbnails/efe_cardigan_Thumbnail_0.png"
        },
        {
            "path": "textures/persona_thumbnails/efe_earring_Thumbnail_0.png"
        },
        {
            "path": "textures/persona_thumbnails/efe_hair_Thumbnail_0.png"
        },
        {
            "path": "textures/persona_thumbnails/efe_jewelry_Thumbnail_0.png"
        },
        {
            "path": "textures/persona_thumbnails/efe_pants_Thumbnail_0.png"
        },
        {
            "path": "textures/persona_thumbnails/efe_shirt_Thumbnail_0.png"
        },
        {
            "path": "textures/persona_thumbnails/efe_shoes_Thumbnail_0.png"
        },
        {
            "path": "textures/persona_thumbnails/efe_skin_Thumbnail_0.png"
        },
        {
            "path": "textures/persona_thumbnails/kai_dress_Thumbnail_0.png"
        },
        {
            "path": "textures/persona_thumbnails/kai_hair_Thumbnail_0.png"
        },
        {
            "path": "textures/persona_thumbnails/kai_jacket_Thumbnail_0.png"
        },
        {
            "path": "textures/persona_thumbnails/kai_shoes_Thumbnail_0.png"
        },
        {
            "path": "textures/persona_thumbnails/kai_skin_Thumbnail_0.png"
        },
        {
            "path": "textures/persona_thumbnails/makena_hair_Thumbnail_0.png"
        },
        {
            "path": "textures/persona_thumbnails/makena_pants_Thumbnail_0.png"
        },
        {
            "path": "textures/persona_thumbnails/makena_shirt_Thumbnail_0.png"
        },
        {
            "path": "textures/persona_thumbnails/makena_shoes_Thumbnail_0.png"
        },
        {
            "path": "textures/persona_thumbnails/makena_skin_Thumbnail_0.png"
        },
        {
            "path": "textures/persona_thumbnails/noor_hair_Thumbnail_0.png"
        },
        {
            "path": "textures/persona_thumbnails/noor_jacket_Thumbnail_0.png"
        },
        {
            "path": "textures/persona_thumbnails/noor_pants_Thumbnail_0.png"
        },
        {
            "path": "textures/persona_thumbnails/noor_shirt_Thumbnail_0.png"
        },
        {
            "path": "textures/persona_thumbnails/noor_shoes_Thumbnail_0.png"
        },
        {
            "path": "textures/persona_thumbnails/noor_skin_Thumbnail_0.png"
        },
        {
            "path": "textures/persona_thumbnails/overhead_wave_thumbnail_0.png"
        },
        {
            "path": "textures/persona_thumbnails/standard_eyes_thumbnail_0.png"
        },
        {
            "path": "textures/persona_thumbnails/standard_mouth_thumbnail_0.png"
        },
        {
            "path": "textures/persona_thumbnails/steve_beard_Thumbnail_0.png"
        },
        {
            "path": "textures/persona_thumbnails/steve_hair_Thumbnail_0.png"
        },
        {
            "path": "textures/persona_thumbnails/steve_mouth_Thumbnail_0.png"
        },
        {
            "path": "textures/persona_thumbnails/steve_pants_Thumbnail_0.png"
        },
        {
            "path": "textures/persona_thumbnails/steve_shirt_Thumbnail_0.png"
        },
        {
            "path": "textures/persona_thumbnails/steve_shoes_Thumbnail_0.png"
        },
        {
            "path": "textures/persona_thumbnails/steve_skin_Thumbnail_0.png"
        },
        {
            "path": "textures/persona_thumbnails/straight_thumbnail_0.png"
        },
        {
            "path": "textures/persona_thumbnails/sunny_hair_Thumbnail_0.png"
        },
        {
            "path": "textures/persona_thumbnails/sunny_pants_Thumbnail_0.png"
        },
        {
            "path": "textures/persona_thumbnails/sunny_shirt_Thumbnail_0.png"
        },
        {
            "path": "textures/persona_thumbnails/sunny_shoes_Thumbnail_0.png"
        },
        {
            "path": "textures/persona_thumbnails/sunny_skin_Thumbnail_0.png"
        },
        {
            "path": "textures/persona_thumbnails/zuri_hair_Thumbnail_0.png"
        },
        {
            "path": "textures/persona_thumbnails/zuri_pants_Thumbnail_0.png"
        },
        {
            "path": "textures/persona_thumbnails/zuri_Shirt_Thumbnail_0.png"
        },
        {
            "path": "textures/persona_thumbnails/zuri_shoes_Thumbnail_0.png"
        },
        {
            "path": "textures/persona_thumbnails/zuri_skin_Thumbnail_0.png"
        },
        {
            "path": "textures/ui/default_cast/alex_icon.png"
        },
        {
            "path": "textures/ui/default_cast/ari_icon.png"
        },
        {
            "path": "textures/ui/default_cast/efe_icon.png"
        },
        {
            "path": "textures/ui/default_cast/kai_icon.png"
        },
        {
            "path": "textures/ui/default_cast/makena_icon.png"
        },
        {
            "path": "textures/ui/default_cast/noor_icon.png"
        },
        {
            "path": "textures/ui/default_cast/steve_icon.png"
        },
        {
            "path": "textures/ui/default_cast/sunny_icon.png"
        },
        {
            "path": "textures/ui/default_cast/zuri_icon.png"
        },
        {
            "path": "textures/ui/default_cast/ftue/00_dcast_lineup.png"
        },
        {
            "path": "textures/ui/default_cast/ftue/01_dcast_lineup_zuri.png"
        },
        {
            "path": "textures/ui/default_cast/ftue/02_dcast_lineup_noor.png"
        },
        {
            "path": "textures/ui/default_cast/ftue/03_dcast_lineup_kai.png"
        },
        {
            "path": "textures/ui/default_cast/ftue/04_dcast_lineup_ari.png"
        },
        {
            "path": "textures/ui/default_cast/ftue/05_dcast_lineup_steve.png"
        },
        {
            "path": "textures/ui/default_cast/ftue/06_dcast_lineup_alex.png"
        },
        {
            "path": "textures/ui/default_cast/ftue/07_dcast_lineup_efe.png"
        },
        {
            "path": "textures/ui/default_cast/ftue/08_dcast_lineup_makena.png"
        },
        {
            "path": "textures/ui/default_cast/ftue/09_dcast_lineup_sunny.png"
        },
        {
            "path": "textures/ui/default_cast/ftue/how_to_left_image.png"
        },
        {
            "path": "textures/ui/default_cast/ftue/how_to_page.png"
        },
        {
            "path": "textures/ui/default_cast/ftue/how_to_page_divider.json"
        },
        {
            "path": "textures/ui/default_cast/ftue/how_to_page_divider.png"
        },
        {
            "path": "textures/ui/default_cast/ftue/how_to_right_image.png"
        },
        {
            "path": "textures/ui/subcategory_icons/arms.png"
        },
        {
            "path": "textures/ui/subcategory_icons/back_accessory.png"
        },
        {
            "path": "textures/ui/subcategory_icons/body_size.png"
        },
        {
            "path": "textures/ui/subcategory_icons/bottoms.png"
        },
        {
            "path": "textures/ui/subcategory_icons/capes.png"
        },
        {
            "path": "textures/ui/subcategory_icons/emotes.png"
        },
        {
            "path": "textures/ui/subcategory_icons/eyes.png"
        },
        {
            "path": "textures/ui/subcategory_icons/face_accessory.png"
        },
        {
            "path": "textures/ui/subcategory_icons/facial_hair.png"
        },
        {
            "path": "textures/ui/subcategory_icons/feet.png"
        },
        {
            "path": "textures/ui/subcategory_icons/hair.png"
        },
        {
            "path": "textures/ui/subcategory_icons/hands.png"
        },
        {
            "path": "textures/ui/subcategory_icons/head.png"
        },
        {
            "path": "textures/ui/subcategory_icons/legs.png"
        },
        {
            "path": "textures/ui/subcategory_icons/mouth.png"
        },
        {
            "path": "textures/ui/subcategory_icons/outerwear.png"
        },
        {
            "path": "textures/ui/subcategory_icons/skin_texture.png"
        },
        {
            "path": "textures/ui/subcategory_icons/tops.png"
        }
    ]
}
