{
  "format_version": "1.20.60",
  "minecraft:biome": {
    "description": {
      "identifier": "frozen_ocean"
    },
    "components": {
      "minecraft:climate": {
        "downfall": 0.5,
        "snow_accumulation": [ 0.125, 0.25 ],
        "temperature": 0.0
      },
      "minecraft:multinoise_generation_rules": {
        "target_temperature": -1.5,
        "target_humidity": 1.0,
        "target_altitude": -0.2,
        "target_weirdness": 1.0,
        "weight": 0.0
      },
      "minecraft:frozen_ocean_surface": {
        "sea_floor_depth": 7,
        "sea_floor_material": "minecraft:gravel",
        "foundation_material": "minecraft:stone",
        "mid_material": "minecraft:dirt",
        "top_material": "minecraft:grass",
        "sea_material": "minecraft:water"
      },
      "minecraft:overworld_height": {
        "noise_type": "ocean"
      },
      "minecraft:overworld_generation_rules": {
        "generate_for_climates": [
          [ "frozen", 1 ]
        ]
      },

      "minecraft:tags": {
        "tags": [
          "frozen",
          "monster",
          "ocean",
          "overworld"
        ]
      }
    }
  }
}
