{
  "format_version": "1.21.30",
  "colored_torch_red": {
    "textures": "colored_torch_red",
    "sound": "wood"
  },
  "colored_torch_green": {
    "textures": "colored_torch_green",
    "sound": "wood"
  },
  "colored_torch_blue": {
    "textures": "colored_torch_blue",
    "sound": "wood"
  },
  "colored_torch_purple": {
    "textures": "colored_torch_purple",
    "sound": "wood"
  },
  "compound_creator": {
    "textures": {
      "up": "compound_creator_top",
      "down": "compound_creator_bottom",
      "north": "compound_creator_north",
      "south": "compound_creator_south",
      "west": "compound_creator_west",
      "east": "compound_creator_east"
    },
    "sound": "stone"
  },
  "material_reducer": {
    "textures": {
      "up": "material_reducer_top",
      "down": "material_reducer_bottom",
      "north": "material_reducer_side",
      "south": "material_reducer_south",
      "west": "material_reducer_side",
      "east": "material_reducer_side"
    },
    "sound": "stone"
  },
  "element_constructor": {
    "textures": {
      "up": "element_constructor_top",
      "down": "element_constructor_bottom",
      "north": "element_constructor_north",
      "south": "element_constructor_south",
      "west": "element_constructor_west",
      "east": "element_constructor_east"
    },
    "sound": "stone"
  },
  "lab_table": {
    "textures": {
      "up": "lab_table_top",
      "down": "lab_table_bottom",
      "north": "lab_table_north",
      "south": "lab_table_south",
      "west": "lab_table_west",
      "east": "lab_table_east"
    },
    "sound": "stone"
  },
  "underwater_tnt": {
    "textures": {
      "up": "underwater_tnt_top",
      "down": "underwater_tnt_bottom",
      "side": "underwater_tnt_side"
    },
    "sound": "grass"
  }
}
