{
    "content": [
        {
            "path": "manifest.json"
        },
        {
            "path": "recipes/reducer_andesite_wall.json"
        },
        {
            "path": "recipes/reducer_cobblestone_wall_mossy.json"
        },
        {
            "path": "recipes/reducer_diorite_wall.json"
        },
        {
            "path": "recipes/reducer_granite_wall.json"
        },
        {
            "path": "recipes/reducer_sandstone_wall.json"
        },
        {
            "path": "recipes/reducer_sandstone_wall_red.json"
        }
    ]
}
