{
  "format_version": "1.11.0",
  "minecraft:spawn_groups": {
    "description": {
      "identifier": "minecraft:raid_group_4"
    },
    "conditions": [
      {
        "minecraft:mob_event_filter": {
          "event": "minecraft:village_raid"
        },
        "minecraft:distance_filter": {
          "min": 0,
          "max": 1024
        },
        "minecraft:spawns_on_surface": {},
        "minecraft:difficulty_filter": {
          "min": "easy",
          "max": "hard"
        },
        "minecraft:herd": {
          "min_size": 4,
          "max_size": 4,
          "event": "minecraft:spawn_for_raid"
        },
        "minecraft:permute_type": [
          {
            "weight": 100,
            "entity_type": "minecraft:vindicator"
          }
        ]
      },
      {
        "minecraft:mob_event_filter": {
          "event": "minecraft:village_raid"
        },
        "minecraft:distance_filter": {
          "min": 0,
          "max": 1024
        },
        "minecraft:spawns_on_surface": {},
        "minecraft:difficulty_filter": {
          "min": "easy",
          "max": "hard"
        },
        "minecraft:herd": {
          "min_size": 1,
          "max_size": 1,
          "event": "minecraft:spawn_for_raid"
        },
        "minecraft:permute_type": [
          {
            "weight": 100,
            "entity_type": "minecraft:evocation_illager"
          }
        ]
      },
      {
        "minecraft:mob_event_filter": {
          "event": "minecraft:village_raid"
        },
        "minecraft:distance_filter": {
          "min": 0,
          "max": 1024
        },
        "minecraft:spawns_on_surface": {},
        "minecraft:difficulty_filter": {
          "min": "easy",
          "max": "hard"
        },
        "minecraft:herd": {
          "min_size": 1,
          "max_size": 1,
          "event": "minecraft:spawn_for_raid"
        },
        "minecraft:permute_type": [
          {
            "weight": 100,
            "entity_type": "minecraft:ravager"
          }
        ]
      },
      {
        "minecraft:mob_event_filter": {
          "event": "minecraft:village_raid"
        },
        "minecraft:distance_filter": {
          "min": 0,
          "max": 1024
        },
        "minecraft:spawns_on_surface": {},
        "minecraft:difficulty_filter": {
          "min": "easy",
          "max": "hard"
        },
        "minecraft:herd": {
          "min_size": 1,
          "max_size": 1,
          "event": "minecraft:spawn_for_raid_with_pillager_rider"
        },
        "minecraft:permute_type": [
          {
            "weight": 100,
            "entity_type": "minecraft:ravager"
          }
        ]
      }
    ]
  }
}