{
    "block_sounds": {
        "powder_snow":          { "volume": 1.0, "pitch": 1.0, "events": { "default": "", "item.use.on": { "sound": "use.powder_snow",              "pitch": 0.8 }, "break": { "sound": "dig.powder_snow",              "volume": 1.0, "pitch": [0.8, 1.0] }, "hit": { "sound": "hit.powder_snow",       "volume": 0.30, "pitch": 0.5  }, "place": { "sound": "dig.powder_snow",              "volume": 1.0, "pitch": [0.8, 1.0]   }, "power.on": { "sound": "block.click", "pitch": 0.6 }, "power.off": { "sound": "block.click", "pitch": 0.5  } } },
        "big_dripleaf":         { "volume": 1.0, "pitch": 1.0, "events": { "default": "", "item.use.on": { "sound": "use.big_dripleaf",             "pitch": 0.8 }, "break": { "sound": "break.big_dripleaf",           "volume": 1.0, "pitch": [0.8, 1.0] }, "hit": { "sound": "hit.big_dripleaf",      "volume": 0.35, "pitch": 0.5  }, "place": { "sound": "place.big_dripleaf",           "volume": 1.0, "pitch": [0.8, 1.0]   }, "power.on": { "sound": "block.click", "pitch": 0.6 }, "power.off": { "sound": "block.click", "pitch": 0.5  } } },
        "hanging_roots":        { "volume": 1.0, "pitch": 1.0, "events": { "default": "", "item.use.on": { "sound": "use.hanging_roots",            "pitch": 0.8 }, "break": { "sound": "break.hanging_roots",          "volume": 1.0, "pitch": [0.8, 1.0] }, "hit": { "sound": "hit.hanging_roots",     "volume": 0.35, "pitch": 0.5  }, "place": { "sound": "place.hanging_roots",          "volume": 1.0, "pitch": [0.8, 1.0]   }, "power.on": { "sound": "block.click", "pitch": 0.6 }, "power.off": { "sound": "block.click", "pitch": 0.5  } } },
        "dripstone_block":      { "volume": 1.0, "pitch": 1.0, "events": { "default": "", "item.use.on": { "sound": "use.dripstone_block"                        }, "break": { "sound": "break.dripstone_block"                                            }, "hit": { "sound": "hit.dripstone_block"                                  }, "place": { "sound": "place.dripstone_block"                                              }, "power.on": { "sound": "block.click", "pitch": 0.6 }, "power.off": { "sound": "block.click", "pitch": 0.5  } } },
        "pointed_dripstone":    { "volume": 1.0, "pitch": 1.0, "events": { "default": "", "item.use.on": { "sound": "use.pointed_dripstone"                      }, "break": { "sound": "break.pointed_dripstone"                                          }, "hit": { "sound": "hit.pointed_dripstone"                                }, "place": { "sound": "place.pointed_dripstone"                                            }, "power.on": { "sound": "block.click", "pitch": 0.6 }, "power.off": { "sound": "block.click", "pitch": 0.5  } } },
        "spore_blossom":        { "volume": 1.0, "pitch": 1.0, "events": { "default": "", "item.use.on": { "sound": "use.spore_blossom",            "pitch": 0.8 }, "break": { "sound": "break.spore_blossom",          "volume": 1.0, "pitch": [0.8, 1.0] }, "hit": { "sound": "hit.spore_blossom",     "volume": 0.35, "pitch": 0.5  }, "place": { "sound": "place.spore_blossom",          "volume": 1.0, "pitch": [0.8, 1.0]   }, "power.on": { "sound": "block.click", "pitch": 0.6 }, "power.off": { "sound": "block.click", "pitch": 0.5  } } },
        "azalea_leaves":        { "volume": 1.0, "pitch": 1.0, "events": { "default": "", "item.use.on": { "sound": "use.azalea_leaves",            "pitch": 0.8 }, "break": { "sound": "dig.azalea_leaves",            "volume": 1.0, "pitch": [0.8, 1.0] }, "hit": { "sound": "hit.azalea_leaves",     "volume": 0.30, "pitch": 0.5  }, "place": { "sound": "dig.azalea_leaves",            "volume": 1.0, "pitch": [0.8, 1.0]   }, "power.on": { "sound": "block.click", "pitch": 0.6 }, "power.off": { "sound": "block.click", "pitch": 0.5  } } },
        "azalea":               { "volume": 1.0, "pitch": 1.0, "events": { "default": "", "item.use.on": { "sound": "use.azalea",                   "pitch": 0.8 }, "break": { "sound": "break.azalea",                 "volume": 1.0, "pitch": [0.8, 1.0] }, "hit": { "sound": "hit.azalea",            "volume": 0.35, "pitch": 0.5  }, "place": { "sound": "place.azalea",                 "volume": 1.0, "pitch": [0.8, 1.0]   }, "power.on": { "sound": "block.click", "pitch": 0.6 }, "power.off": { "sound": "block.click", "pitch": 0.5  } } },
        "copper":               { "volume": 1.0, "pitch": 1.0, "events": { "default": "", "item.use.on": { "sound": "use.copper",                   "pitch": 0.8 }, "break": { "sound": "dig.copper",                   "volume": 1.0, "pitch": [0.8, 1.0] }, "hit": { "sound": "hit.copper",            "volume": 0.30, "pitch": 0.5  }, "place": { "sound": "dig.copper",                   "volume": 1.0, "pitch": [0.8, 1.0]   }, "power.on": { "sound": "block.click", "pitch": 0.6 }, "power.off": { "sound": "block.click", "pitch": 0.5  } } },
        "deepslate":            { "volume": 1.0, "pitch": 1.0, "events": { "default": "", "item.use.on": { "sound": "use.deepslate",                "pitch": 0.8 }, "break": { "sound": "dig.deepslate",                "volume": 1.0, "pitch": [0.8, 1.0] }, "hit": { "sound": "hit.deepslate",         "volume": 0.30, "pitch": 0.5  }, "place": { "sound": "place.deepslate",              "volume": 1.0, "pitch": [0.8, 1.0]   }, "power.on": { "sound": "block.click", "pitch": 0.6 }, "power.off": { "sound": "block.click", "pitch": 0.5  } } },
        "deepslate_bricks":     { "volume": 1.0, "pitch": 1.0, "events": { "default": "", "item.use.on": { "sound": "use.deepslate_bricks",         "pitch": 0.8 }, "break": { "sound": "dig.deepslate_bricks",         "volume": 1.0, "pitch": [0.8, 1.0] }, "hit": { "sound": "hit.deepslate_bricks",  "volume": 0.30, "pitch": 0.5  }, "place": { "sound": "place.deepslate_bricks",       "volume": 1.0, "pitch": [0.8, 1.0]   }, "power.on": { "sound": "block.click", "pitch": 0.6 }, "power.off": { "sound": "block.click", "pitch": 0.5  } } },
        "amethyst_block":       { "volume": 1.0, "pitch": 1.0, "events": { "default": "", "item.use.on": { "sound": "step.amethyst_block",          "pitch": 0.8 }, "break": { "sound": "break.amethyst_block",         "volume": 1.0                      }, "hit": { "sound": "hit.amethyst_block",    "volume": 1.0                 }, "place": { "sound": "place.amethyst_block",         "volume": 1.0                        }, "power.on": { "sound": "block.click", "pitch": 0.6 }, "power.off": { "sound": "block.click", "pitch": 0.5  } } },
        "amethyst_cluster":     { "volume": 1.0, "pitch": 1.0, "events": { "default": "", "item.use.on": { "sound": "step.amethyst_cluster",        "pitch": 0.8 }, "break": { "sound": "break.amethyst_cluster",       "volume": 1.0                      }, "hit": { "sound": "hit.amethyst_cluster",  "volume": 1.0                 }, "place": { "sound": "place.amethyst_cluster",       "volume": 1.0                        }, "power.on": { "sound": "block.click", "pitch": 0.6 }, "power.off": { "sound": "block.click", "pitch": 0.5  } } },
        "large_amethyst_bud":   { "volume": 1.0, "pitch": 1.0, "events": { "default": "", "item.use.on": { "sound": "step.amethyst_cluster",        "pitch": 0.8 }, "break": { "sound": "break.large_amethyst_bud"                                         }, "hit": { "sound": "hit.amethyst_cluster",  "volume": 1.0                 }, "place": { "sound": "place.large_amethyst_bud",     "volume": 1.0                        }, "power.on": { "sound": "block.click", "pitch": 0.6 }, "power.off": { "sound": "block.click", "pitch": 0.5  } } },
        "medium_amethyst_bud":  { "volume": 1.0, "pitch": 1.0, "events": { "default": "", "item.use.on": { "sound": "step.amethyst_cluster",        "pitch": 0.8 }, "break": { "sound": "break.medium_amethyst_bud"                                        }, "hit": { "sound": "hit.amethyst_cluster",  "volume": 1.0                 }, "place": { "sound": "place.medium_amethyst_bud",    "volume": 1.0                        }, "power.on": { "sound": "block.click", "pitch": 0.6 }, "power.off": { "sound": "block.click", "pitch": 0.5  } } },
        "small_amethyst_bud":   { "volume": 1.0, "pitch": 1.0, "events": { "default": "", "item.use.on": { "sound": "step.amethyst_cluster",        "pitch": 0.8 }, "break": { "sound": "break.small_amethyst_bud"                                         }, "hit": { "sound": "hit.amethyst_cluster",  "volume": 1.0                 }, "place": { "sound": "place.small_amethyst_bud",     "volume": 1.0                        }, "power.on": { "sound": "block.click", "pitch": 0.6 }, "power.off": { "sound": "block.click", "pitch": 0.5  } } },
        "tuff":                 { "volume": 1.0, "pitch": 1.0, "events": { "default": "", "item.use.on": { "sound": "step.tuff",                    "pitch": 0.8 }, "break": { "sound": "break.tuff",                   "volume": 1.0                      }, "hit": { "sound": "hit.tuff",              "volume": 1.0                 }, "place": { "sound": "place.tuff",                   "volume": 1.0                        }, "power.on": { "sound": "block.click", "pitch": 0.6 }, "power.off": { "sound": "block.click", "pitch": 0.5  } } },
        "calcite":              { "volume": 1.0, "pitch": 1.0, "events": { "default": "", "item.use.on": { "sound": "step.calcite",                 "pitch": 0.8 }, "break": { "sound": "break.calcite",                "volume": 1.0                      }, "hit": { "sound": "hit.calcite",           "volume": 1.0                 }, "place": { "sound": "place.calcite",                "volume": 1.0                        }, "power.on": { "sound": "block.click", "pitch": 0.6 }, "power.off": { "sound": "block.click", "pitch": 0.5  } } },
        "normal":               { "volume": 1.0, "pitch": 1.0, "events": { "default": "", "item.use.on": { "sound": "use.stone",                    "pitch": 0.8 }, "break": { "sound": "dig.stone",                    "volume": 1.0, "pitch": [0.8, 1.0] }, "hit": { "sound": "hit.stone",             "volume": 0.27, "pitch": 0.5  }, "place": { "sound": "dig.stone",                    "volume": 1.0, "pitch": [0.8, 1.0]   }, "power.on": { "sound": "block.click", "pitch": 0.6 }, "power.off": { "sound": "block.click", "pitch": 0.5  } } },
        "gravel":               { "volume": 1.0, "pitch": 1.0, "events": { "default": "", "item.use.on": { "sound": "use.gravel",                   "pitch": 0.8 }, "break": { "sound": "dig.gravel",                   "volume": 1.0, "pitch": [0.8, 1.0] }, "hit": { "sound": "hit.gravel",            "volume": 0.17, "pitch": 0.5  }, "place": { "sound": "dig.gravel",                   "volume": 1.0, "pitch": [0.8, 1.0]   }, "power.on": { "sound": "block.click", "pitch": 0.6 }, "power.off": { "sound": "block.click", "pitch": 0.5  } } },
        "wood":                 { "volume": 1.0, "pitch": 1.0, "events": { "default": "", "item.use.on": { "sound": "use.wood",                     "pitch": 0.8 }, "break": { "sound": "dig.wood",                     "volume": 1.0, "pitch": [0.8, 1.0] }, "hit": { "sound": "hit.wood",              "volume": 0.23, "pitch": 0.5  }, "place": { "sound": "dig.wood",                     "volume": 1.0, "pitch": [0.8, 0.8]   }, "power.on": { "sound": "block.click", "pitch": 0.6 }, "power.off": { "sound": "block.click", "pitch": 0.5  } } },
        "grass":                { "volume": 1.0, "pitch": 1.0, "events": { "default": "", "item.use.on": { "sound": "use.grass",                    "pitch": 0.8 }, "break": { "sound": "dig.grass",                    "volume": 0.7, "pitch": [0.8, 1.0] }, "hit": { "sound": "hit.grass",             "volume": 0.30, "pitch": 0.5  }, "place": { "sound": "dig.grass",                    "volume": 0.8, "pitch": [0.8, 1.0]   }, "power.on": { "sound": "block.click", "pitch": 0.6 }, "power.off": { "sound": "block.click", "pitch": 0.5  } } },
        "stone":                { "volume": 1.0, "pitch": 1.0, "events": { "default": "", "item.use.on": { "sound": "use.stone",                    "pitch": 0.8 }, "break": { "sound": "dig.stone",                    "volume": 1.0, "pitch": [0.8, 1.0] }, "hit": { "sound": "hit.stone",             "volume": 0.37, "pitch": 0.5  }, "place": { "sound": "dig.stone",                    "volume": 1.0, "pitch": [0.8, 1.0]   }, "power.on": { "sound": "block.click", "pitch": 0.6 }, "power.off": { "sound": "block.click", "pitch": 0.5  } } },
        "cloth":                { "volume": 1.0, "pitch": 1.0, "events": { "default": "", "item.use.on": { "sound": "use.cloth",                    "pitch": 0.8 }, "break": { "sound": "dig.cloth",                    "volume": 1.0, "pitch": [0.8, 1.0] }, "hit": { "sound": "hit.cloth",             "volume": 0.35, "pitch": 0.5  }, "place": { "sound": "dig.cloth",                    "volume": 1.0, "pitch": [0.8, 1.0]   }, "power.on": { "sound": "block.click", "pitch": 0.6 }, "power.off": { "sound": "block.click", "pitch": 0.5  } } },
        "glass":                { "volume": 1.0, "pitch": 1.0, "events": { "default": "", "item.use.on": { "sound": "use.stone",                    "pitch": 0.8 }, "break": { "sound": "random.glass",                 "volume": 1.0, "pitch": [0.8, 1.0] }, "hit": { "sound": "hit.stone",             "volume": 0.40, "pitch": 0.6  }, "place": { "sound": "dig.stone",                    "volume": 1.0, "pitch": [0.8, 1.0]   }, "power.on": { "sound": "block.click", "pitch": 0.6 }, "power.off": { "sound": "block.click", "pitch": 0.5  } } },
        "sand":                 { "volume": 1.0, "pitch": 1.0, "events": { "default": "", "item.use.on": { "sound": "use.sand",                     "pitch": 0.8 }, "break": { "sound": "dig.sand",                     "volume": 1.0, "pitch": [0.8, 1.0] }, "hit": { "sound": "hit.sand",              "volume": 0.23, "pitch": 0.5  }, "place": { "sound": "dig.sand",                     "volume": 1.0, "pitch": [0.8, 1.0]   }, "power.on": { "sound": "block.click", "pitch": 0.6 }, "power.off": { "sound": "block.click", "pitch": 0.5  } } },
        "snow":                 { "volume": 1.0, "pitch": 1.0, "events": { "default": "", "item.use.on": { "sound": "use.snow",                     "pitch": 0.8 }, "break": { "sound": "dig.snow",                     "volume": 1.0, "pitch": [0.8, 1.0] }, "hit": { "sound": "hit.snow",              "volume": 0.35, "pitch": 0.5  }, "place": { "sound": "dig.snow",                     "volume": 1.0, "pitch": [0.8, 1.0]   }, "power.on": { "sound": "block.click", "pitch": 0.6 }, "power.off": { "sound": "block.click", "pitch": 0.5  } } },
        "ladder":               { "volume": 1.0, "pitch": 1.0, "events": { "default": "", "item.use.on": { "sound": "use.ladder",                   "pitch": 0.8 }, "break": { "sound": "dig.wood",                     "volume": 1.0, "pitch": [0.8, 1.0] }, "hit": { "sound": "hit.ladder",            "volume": 0.25, "pitch": 0.5  }, "place": { "sound": "dig.wood",                     "volume": 1.0, "pitch": [0.8, 1.0]   }, "power.on": { "sound": "block.click", "pitch": 0.6 }, "power.off": { "sound": "block.click", "pitch": 0.5  } } },
        "slime":                { "volume": 1.0, "pitch": 1.0, "events": { "default": "", "item.use.on": { "sound": "use.slime",                    "pitch": 0.8 }, "break": { "sound": "mob.slime.big",                "volume": 1.0, "pitch": [0.8, 1.0] }, "hit": { "sound": "hit.slime",             "volume": 0.25, "pitch": 0.5  }, "place": { "sound": "mob.slime.big",                "volume": 1.0, "pitch": [0.8, 1.0]   }, "power.on": { "sound": "block.click", "pitch": 0.6 }, "power.off": { "sound": "block.click", "pitch": 0.5  } } },
        "metal":                { "volume": 1.0, "pitch": 1.5, "events": { "default": "", "item.use.on": { "sound": "use.anvil",                    "pitch": 1.2 }, "break": { "sound": "dig.stone",                    "volume": 1.0, "pitch": [1.1, 1.2] }, "hit": { "sound": "hit.stone",             "volume": 0.30, "pitch": 0.75 }, "place": { "sound": "dig.stone",                    "volume": 1.0, "pitch": [1.20, 1.25] }, "power.on": { "sound": "block.click", "pitch": 0.6 }, "power.off": { "sound": "block.click", "pitch": 0.5  } } },
        "anvil":                { "volume": 1.0, "pitch": 1.0, "events": { "default": "", "item.use.on": { "sound": "use.stone",                    "pitch": 0.8 }, "break": { "sound": "dig.stone",                    "volume": 1.0, "pitch": [0.8, 1.0] }, "hit": { "sound": "hit.anvil",             "volume": 0.35, "pitch": 0.5  }, "place": { "sound": "random.anvil_land",            "volume": 0.5, "pitch": [0.8, 1.0]   }, "power.on": { "sound": "block.click", "pitch": 0.6 }, "power.off": { "sound": "block.click", "pitch": 0.5  } } },
        "itemframe":            { "volume": 1.0, "pitch": 1.0, "events": { "default": "", "item.use.on": { "sound": "block.itemframe.place",        "pitch": 0.8 }, "break": { "sound": "block.itemframe.break",        "volume": 1.0, "pitch": [0.8, 1.0] }, "hit": { "sound": "hit.wood",              "volume": 0.22, "pitch": 0.5  }, "place": { "sound": "block.itemframe.place",        "volume": 1.0, "pitch": [0.8, 1.0]   }, "power.on": { "sound": "block.click", "pitch": 0.6 }, "power.off": { "sound": "block.click", "pitch": 0.5  } } },
        "turtle_egg":           { "volume": 0.85,"pitch": 0.9, "events": { "default": "", "item.use.on": { "sound": "use.stone",                    "pitch": 1.0 }, "break": { "sound": "",                             "volume": 1.0, "pitch": [0.8, 1.0] }, "hit": { "sound": "hit.stone",             "volume": 0.25, "pitch": 0.5  }, "place": { "sound": "dig.stone",                    "volume": 1.0, "pitch": [0.8, 1.0]   }, "power.on": { "sound": "block.click", "pitch": 0.6 }, "power.off": { "sound": "block.click", "pitch": 0.6  } } },
        "bamboo":               { "volume": 1.0, "pitch": 1.0, "events": { "default": "", "item.use.on": { "sound": "block.bamboo.place",           "pitch": 0.8 }, "break": { "sound": "block.bamboo.break",           "volume": 1.0, "pitch": [0.8, 1.0] }, "hit": { "sound": "block.bamboo.hit",      "volume": 0.25, "pitch": 0.5  }, "place": { "sound": "block.bamboo.place",           "volume": 1.0, "pitch": [0.8, 1.0]   }, "power.on": { "sound": "block.click", "pitch": 0.6 }, "power.off": { "sound": "block.click", "pitch": 0.5  } } },
        "bamboo_sapling":       { "volume": 1.0, "pitch": 1.0, "events": { "default": "", "item.use.on": { "sound": "block.bamboo_sapling.place",   "pitch": 0.8 }, "break": { "sound": "block.bamboo_sapling.break",   "volume": 1.0, "pitch": [0.8, 1.0] }, "hit": { "sound": "",                      "volume": 0.25, "pitch": 0.5  }, "place": { "sound": "block.bamboo_sapling.place",   "volume": 1.0, "pitch": [0.8, 1.0]   }, "power.on": { "sound": "block.click", "pitch": 0.6 }, "power.off": { "sound": "block.click", "pitch": 0.5  } } },
        "scaffolding":          { "volume": 1.0, "pitch": 1.0, "events": { "default": "", "item.use.on": { "sound": "block.scaffolding.place",      "pitch": 0.8 }, "break": { "sound": "block.scaffolding.break",      "volume": 1.0, "pitch": [0.8, 1.0] }, "hit": { "sound": "block.scaffolding.hit", "volume": 0.25, "pitch": 0.5  }, "place": { "sound": "block.scaffolding.place",      "volume": 1.0, "pitch": [0.8, 0.9]   }, "power.on": { "sound": "block.click", "pitch": 0.6 }, "power.off": { "sound": "block.click", "pitch": 0.5  } } },
        "lantern":              { "volume": 1.0, "pitch": 1.0, "events": { "default": "", "item.use.on": { "sound": "block.lantern.place",          "pitch": 1.1 }, "break": { "sound": "block.lantern.break",          "volume": 1.0, "pitch": [0.8, 1.0] }, "hit": { "sound": "block.lantern.hit",     "volume": 0.25, "pitch": 0.5  }, "place": { "sound": "block.lantern.place",          "volume": 1.0, "pitch": [0.8, 1.0]   }, "power.on": { "sound": "block.click", "pitch": 0.6 }, "power.off": { "sound": "block.click", "pitch": 0.5  } } },
        "sweet_berry_bush":     { "volume": 1.0, "pitch": 1.0, "events": { "default": "", "item.use.on": { "sound": "block.sweet_berry_bush.place", "pitch": 0.8 }, "break": { "sound": "block.sweet_berry_bush.break", "volume": 1.0, "pitch": [0.8, 1.0] }, "hit": { "sound": "hit.grass",             "volume": 0.25, "pitch": 0.5  }, "place": { "sound": "block.sweet_berry_bush.place", "volume": 1.0, "pitch": [0.8, 1.0]   }, "power.on": { "sound": "block.click", "pitch": 0.6 }, "power.off": { "sound": "block.click", "pitch": 0.5  } } },
        "soul_sand":            { "volume": 1.0, "pitch": 1.0, "events": { "default": "", "item.use.on": { "sound": "use.soul_sand",                "pitch": 0.8 }, "break": { "sound": "dig.soul_sand",                "volume": 1.0, "pitch": [0.8, 1.0] }, "hit": { "sound": "hit.soul_sand",         "volume": 0.21, "pitch": 0.5  }, "place": { "sound": "dig.soul_sand",                "volume": 1.0, "pitch": [0.8, 1.0]   }, "power.on": { "sound": "block.click", "pitch": 0.6 }, "power.off": { "sound": "block.click", "pitch": 0.5  } } },
        "soul_soil":            { "volume": 1.0, "pitch": 1.0, "events": { "default": "", "item.use.on": { "sound": "use.soul_soil",                "pitch": 0.8 }, "break": { "sound": "dig.soul_soil",                "volume": 1.0, "pitch": [0.8, 1.0] }, "hit": { "sound": "hit.soul_soil",         "volume": 0.17, "pitch": 0.5  }, "place": { "sound": "dig.soul_soil",                "volume": 1.0, "pitch": [0.8, 1.0]   }, "power.on": { "sound": "block.click", "pitch": 0.6 }, "power.off": { "sound": "block.click", "pitch": 0.5  } } },
        "nylium":               { "volume": 1.0, "pitch": 1.0, "events": { "default": "", "item.use.on": { "sound": "use.nylium",                   "pitch": 0.8 }, "break": { "sound": "dig.nylium",                   "volume": 1.0, "pitch": [0.8, 1.0] }, "hit": { "sound": "hit.nylium",            "volume": 0.23, "pitch": 0.5  }, "place": { "sound": "dig.nylium",                   "volume": 1.0, "pitch": [0.8, 0.8]   }, "power.on": { "sound": "block.click", "pitch": 0.6 }, "power.off": { "sound": "block.click", "pitch": 0.5  } } },
        "roots":                { "volume": 1.0, "pitch": 1.0, "events": { "default": "", "item.use.on": { "sound": "use.roots",                    "pitch": 0.8 }, "break": { "sound": "dig.roots",                    "volume": 1.0, "pitch": [0.8, 1.0] }, "hit": { "sound": "hit.roots",             "volume": 0.30, "pitch": 0.5  }, "place": { "sound": "dig.roots",                    "volume": 1.0, "pitch": [0.8, 1.0]   }, "power.on": { "sound": "block.click", "pitch": 0.6 }, "power.off": { "sound": "block.click", "pitch": 0.5  } } },
        "fungus":               { "volume": 0.85,"pitch": 0.9, "events": { "default": "", "item.use.on": { "sound": "dig.fungus",                   "pitch": 1.0 }, "break": { "sound": "dig.fungus",                   "volume": 1.0, "pitch": [0.8, 1.0] }, "hit": { "sound": "dig.fungus",            "volume": 0.25, "pitch": 0.5  }, "place": { "sound": "dig.fungus",                   "volume": 1.0, "pitch": [0.8, 1.0]   }, "power.on": { "sound": "block.click", "pitch": 0.6 }, "power.off": { "sound": "block.click", "pitch": 0.6  } } },
        "stem":                 { "volume": 1.0, "pitch": 1.0, "events": { "default": "", "item.use.on": { "sound": "use.stem",                     "pitch": 0.8 }, "break": { "sound": "dig.stem",                     "volume": 1.0, "pitch": [0.8, 1.0] }, "hit": { "sound": "hit.stem",              "volume": 0.34, "pitch": 0.5  }, "place": { "sound": "dig.stem",                     "volume": 1.0, "pitch": [0.8, 1.0]   }, "power.on": { "sound": "block.click", "pitch": 0.6 }, "power.off": { "sound": "block.click", "pitch": 0.5  } } },
        "shroomlight":          { "volume": 1.0, "pitch": 1.0, "events": { "default": "", "item.use.on": { "sound": "use.shroomlight",              "pitch": 0.8 }, "break": { "sound": "dig.shroomlight",              "volume": 1.0, "pitch": [0.8, 1.0] }, "hit": { "sound": "hit.shroomlight",       "volume": 0.35, "pitch": 0.5  }, "place": { "sound": "dig.shroomlight",              "volume": 1.0, "pitch": [0.8, 1.0]   }, "power.on": { "sound": "block.click", "pitch": 0.6 }, "power.off": { "sound": "block.click", "pitch": 0.5  } } },
        "basalt":               { "volume": 1.0, "pitch": 1.0, "events": { "default": "", "item.use.on": { "sound": "use.basalt",                   "pitch": 0.8 }, "break": { "sound": "dig.basalt",                   "volume": 1.0, "pitch": [0.8, 1.0] }, "hit": { "sound": "hit.basalt",            "volume": 0.23, "pitch": 0.5  }, "place": { "sound": "dig.basalt",                   "volume": 1.0, "pitch": [0.8, 1.0]   }, "power.on": { "sound": "block.click", "pitch": 0.6 }, "power.off": { "sound": "block.click", "pitch": 0.5  } } },
        "bone_block":           { "volume": 1.0, "pitch": 1.0, "events": { "default": "", "item.use.on": { "sound": "use.bone_block",               "pitch": 0.8 }, "break": { "sound": "dig.bone_block",               "volume": 1.0, "pitch": [0.8, 1.0] }, "hit": { "sound": "hit.bone_block",        "volume": 0.38, "pitch": 0.5  }, "place": { "sound": "dig.bone_block",               "volume": 1.0, "pitch": [0.8, 1.0]   }, "power.on": { "sound": "block.click", "pitch": 0.6 }, "power.off": { "sound": "block.click", "pitch": 0.5  } } },
        "nether_brick":         { "volume": 1.0, "pitch": 1.0, "events": { "default": "", "item.use.on": { "sound": "use.nether_brick",             "pitch": 0.8 }, "break": { "sound": "dig.nether_brick",             "volume": 1.0, "pitch": [0.8, 1.0] }, "hit": { "sound": "hit.nether_brick",      "volume": 0.25, "pitch": 0.5  }, "place": { "sound": "dig.nether_brick",             "volume": 1.0, "pitch": [0.8, 1.0]   }, "power.on": { "sound": "block.click", "pitch": 0.6 }, "power.off": { "sound": "block.click", "pitch": 0.5  } } },
        "netherrack":           { "volume": 1.0, "pitch": 1.0, "events": { "default": "", "item.use.on": { "sound": "use.netherrack",               "pitch": 0.8 }, "break": { "sound": "dig.netherrack",               "volume": 1.0, "pitch": [0.8, 1.0] }, "hit": { "sound": "hit.netherrack",        "volume": 0.22, "pitch": 0.5  }, "place": { "sound": "dig.netherrack",               "volume": 1.0, "pitch": [0.8, 1.0]   }, "power.on": { "sound": "block.click", "pitch": 0.6 }, "power.off": { "sound": "block.click", "pitch": 0.5  } } },
        "nether_sprouts":       { "volume": 1.0, "pitch": 1.5, "events": { "default": "", "item.use.on": { "sound": "use.nether_sprouts",           "pitch": 1.2 }, "break": { "sound": "dig.nether_sprouts",           "volume": 1.0, "pitch": [1.1, 1.2] }, "hit": { "sound": "hit.nether_sprouts",    "volume": 0.30, "pitch": 0.75 }, "place": { "sound": "dig.nether_sprouts",           "volume": 1.0, "pitch": [1.20, 1.25] }, "power.on": { "sound": "block.click", "pitch": 0.6 }, "power.off": { "sound": "block.click", "pitch": 0.5  } } },
        "nether_wart":          { "volume": 1.0, "pitch": 1.0, "events": { "default": "", "item.use.on": { "sound": "use.nether_wart",              "pitch": 0.8 }, "break": { "sound": "dig.nether_wart",              "volume": 1.0, "pitch": [0.8, 1.0] }, "hit": { "sound": "hit.nether_wart",       "volume": 0.32, "pitch": 0.5  }, "place": { "sound": "dig.nether_wart",              "volume": 0.7, "pitch": [0.8, 1.0]   }, "power.on": { "sound": "block.click", "pitch": 0.6 }, "power.off": { "sound": "block.click", "pitch": 0.5  } } },
        "nether_gold_ore":      { "volume": 1.0, "pitch": 1.0, "events": { "default": "", "item.use.on": { "sound": "use.nether_gold_ore",          "pitch": 0.8 }, "break": { "sound": "dig.nether_gold_ore",          "volume": 1.0, "pitch": [0.8, 1.0] }, "hit": { "sound": "hit.nether_gold_ore",   "volume": 0.23, "pitch": 0.5  }, "place": { "sound": "dig.nether_gold_ore",          "volume": 1.0, "pitch": [0.8, 1.0]   }, "power.on": { "sound": "block.click", "pitch": 0.6 }, "power.off": { "sound": "block.click", "pitch": 0.5  } } },
        "ancient_debris":       { "volume": 1.0, "pitch": 1.0, "events": { "default": "", "item.use.on": { "sound": "use.ancient_debris",           "pitch": 0.8 }, "break": { "sound": "dig.ancient_debris",           "volume": 1.0, "pitch": [0.8, 1.0] }, "hit": { "sound": "hit.ancient_debris",    "volume": 0.23, "pitch": 0.5  }, "place": { "sound": "dig.ancient_debris",           "volume": 1.0, "pitch": [0.8, 1.0]   }, "power.on": { "sound": "block.click", "pitch": 0.6 }, "power.off": { "sound": "block.click", "pitch": 0.5  } } },
        "honey_block":          { "volume": 1.0, "pitch": 1.0, "events": { "default": "", "item.use.on": { "sound": "use.honey_block",              "pitch": 0.8 }, "break": { "sound": "dig.honey_block",              "volume": 1.0, "pitch": [0.8, 1.0] }, "hit": { "sound": "hit.honey_block",       "volume": 0.23, "pitch": 0.5  }, "place": { "sound": "dig.honey_block",              "volume": 1.0, "pitch": [0.8, 1.0]   }, "power.on": { "sound": "block.click", "pitch": 0.6 }, "power.off": { "sound": "block.click", "pitch": 0.5  } } },
        "coral":                { "volume": 1.0, "pitch": 1.0, "events": { "default": "", "item.use.on": { "sound": "use.coral",                    "pitch": 0.8 }, "break": { "sound": "dig.coral",                    "volume": 1.0, "pitch": [0.8, 1.0] }, "hit": { "sound": "hit.coral",             "volume": 0.30, "pitch": 0.5  }, "place": { "sound": "dig.coral",                    "volume": 1.0, "pitch": [0.8, 1.0]   }, "power.on": { "sound": "block.click", "pitch": 0.6 }, "power.off": { "sound": "block.click", "pitch": 0.5  } } },
        "netherite":            { "volume": 1.0, "pitch": 1.0, "events": { "default": "", "item.use.on": { "sound": "use.netherite",                "pitch": 0.8 }, "break": { "sound": "dig.netherite",                "volume": 1.0, "pitch": [0.8, 1.0] }, "hit": { "sound": "hit.netherite",         "volume": 0.30, "pitch": 0.5  }, "place": { "sound": "dig.netherite",                "volume": 1.0, "pitch": [0.8, 1.0]   }, "power.on": { "sound": "block.click", "pitch": 0.6 }, "power.off": { "sound": "block.click", "pitch": 0.5  } } },
        "lodestone":            { "volume": 1.0, "pitch": 1.0, "events": { "default": "", "item.use.on": { "sound": "dig.stone",                    "pitch": 0.8 }, "break": { "sound": "dig.stone",                    "volume": 1.0, "pitch": [0.8, 1.0] }, "hit": { "sound": "hit.stone",             "volume": 0.30, "pitch": 0.5  }, "place": { "sound": "dig.lodestone",                "volume": 1.0, "pitch": [0.8, 1.0]   }, "power.on": { "sound": "block.click", "pitch": 0.6 }, "power.off": { "sound": "block.click", "pitch": 0.5  } } },
        "chain":                { "volume": 1.0, "pitch": 1.0, "events": { "default": "", "item.use.on": { "sound": "use.chain",                    "pitch": 0.8 }, "break": { "sound": "dig.chain",                    "volume": 1.0, "pitch": [0.8, 1.0] }, "hit": { "sound": "hit.chain",             "volume": 0.30, "pitch": 0.5  }, "place": { "sound": "dig.chain",                    "volume": 1.0, "pitch": [0.8, 1.0]   }, "power.on": { "sound": "block.click", "pitch": 0.6 }, "power.off": { "sound": "block.click", "pitch": 0.5  } } },
        "vines":                { "volume": 1.0, "pitch": 1.0, "events": { "default": "", "item.use.on": { "sound": "use.vines",                    "pitch": 0.8 }, "break": { "sound": "dig.vines",                    "volume": 1.0, "pitch": [0.8, 1.0] }, "hit": { "sound": "hit.vines",             "volume": 0.30, "pitch": 0.5  }, "place": { "sound": "dig.vines",                    "volume": 1.0, "pitch": [0.8, 1.0]   }, "power.on": { "sound": "block.click", "pitch": 0.6 }, "power.off": { "sound": "block.click", "pitch": 0.5  } } },
        "comparator":           { "volume": 1.0, "pitch": 1.0, "events": { "default": "", "item.use.on": { "sound": "use.wood",                     "pitch": 0.8 }, "break": { "sound": "dig.wood",                     "volume": 1.0, "pitch": [0.8, 1.0] }, "hit": { "sound": "hit.wood",              "volume": 0.23, "pitch": 0.5  }, "place": { "sound": "dig.wood",                     "volume": 1.0, "pitch": [0.8, 0.8]   }, "power.on": { "sound": "block.click", "pitch": 0.5 }, "power.off": { "sound": "block.click", "pitch": 0.55 } } },
        "candle":               { "volume": 1.0, "pitch": 1.0, "events": { "default": "", "item.use.on": { "sound": "use.candle",                   "pitch": 0.8 }, "break": { "sound": "dig.candle",                   "volume": 1.0, "pitch": 1.0        }, "hit": { "sound": "hit.candle",            "volume": 1.0,  "pitch": 1.0  }, "place": { "sound": "dig.candle",                   "volume": 1.0, "pitch": 1.0          }, "power.on": { "sound": "block.click", "pitch": 0.6 }, "power.off": { "sound": "block.click", "pitch": 0.5  } } },
        "dirt_with_roots":      { "volume": 1.0, "pitch": 1.0, "events": { "default": "", "item.use.on": { "sound": "use.hanging_roots",            "pitch": 0.8 }, "break": { "sound": "break.hanging_roots",          "volume": 1.0, "pitch": [0.8, 1.0] }, "hit": { "sound": "hit.hanging_roots",     "volume": 0.35, "pitch": 0.5  }, "place": { "sound": "place.hanging_roots",          "volume": 1.0, "pitch": [ 0.8, 1.0 ] }, "power.on": { "sound": "block.click", "pitch": 0.6 }, "power.off": { "sound": "block.click", "pitch": 0.5  } } }
    },

    "interactive_sounds": {
        "block_sounds": {
            "dirt_with_roots": { "events": { "default": "", "fall": { "sounds": "fall.hanging_roots", "volume": 0.4 }, "step": { "sound": "step.hanging_roots", "volume": 0.17 }, "jump": { "sound": "jump.hanging_roots", "volume": 0.12 }, "land": { "sound": "land.hanging_roots", "volume": 0.14 } }, "volume": 1.0, "pitch": 1.00 }
        }
    },
    
    "individual_event_sounds": {
        "events": {
            "attach" : {"sound": "block.click", "volume" : 1.0, "pitch" : 0.7 },
            "detach" : {"sound": "block.bowhit", "volume" : 0.4, "pitch" : [1.1, 1.33] },
            "block.click": { "sound": "block.click", "volume": 1.0, "pitch": 1.0 },
            "block.click.fail": { "sound": "block.click", "volume": 1.0, "pitch": 1.2 }
        }
    }
}