{
	"low": {
		"grid_hierarchy_radii": [10.0, 14.0, 18.0, 24.0, 32.0],
		"before_diffuse_fade_out": 0.2,
		"after_diffuse_fade_out": 0.5,
		"start_diffuse_fade_out": 16.0,
		"end_diffuse_fade_out": 24.0,
		"start_specular_fade_out": 10.0,
		"end_specular_fade_out": 18.0,
		"enable_fade_out_diffuse": true,
		"enable_fade_out_specular": true
	},
	"medium": {
		"grid_hierarchy_radii": [16.0, 20.0, 24.0, 28.0, 40.0],
		"before_diffuse_fade_out": 0.2,
		"after_diffuse_fade_out": 0.5,
		"start_diffuse_fade_out": 22.0,
		"end_diffuse_fade_out": 30.0,
		"start_specular_fade_out": 16.0,
		"end_specular_fade_out": 24.0,
		"enable_fade_out_diffuse": true,
		"enable_fade_out_specular": true
	},
	"high": {
		"grid_hierarchy_radii": [20.0, 28.0, 36.0, 48.0, 64.0],
		"before_diffuse_fade_out": 0.2,
		"after_diffuse_fade_out": 0.5,
		"start_diffuse_fade_out": 28.0,
		"end_diffuse_fade_out": 48.0,
		"start_specular_fade_out": 20.0,
		"end_specular_fade_out": 30.0,
		"enable_fade_out_diffuse": true,
		"enable_fade_out_specular": true
	},
	"ultra": {
		"grid_hierarchy_radii": [24.0, 32.0, 64.0],
		"before_diffuse_fade_out": 0.2,
		"after_diffuse_fade_out": 0.5,
		"start_diffuse_fade_out": 36.0,
		"end_diffuse_fade_out": 56.0,
		"start_specular_fade_out": 24.0,
		"end_specular_fade_out": 40.0,
		"enable_fade_out_diffuse": true,
		"enable_fade_out_specular": true
	}
}
