{
	"low": {
		"grid_hierarchy_radii": [10.0, 20.0, 30.0, 40.0],
		"before_diffuse_fade_out": 0.5,
		"after_diffuse_fade_out": 1.0,
		"start_diffuse_fade_out": 10.0,
		"end_diffuse_fade_out": 20.0,
		"start_specular_fade_out": 10.0,
		"end_specular_fade_out": 20.0,
		"enable_fade_out_diffuse": true,
		"enable_fade_out_specular": true
	},
	"medium": {
		"grid_hierarchy_radii": [10.0, 20.0, 30.0, 40.0],
		"before_diffuse_fade_out": 0.5,
		"after_diffuse_fade_out": 1.0,
		"start_diffuse_fade_out": 20.0,
		"end_diffuse_fade_out": 30.0,
		"start_specular_fade_out": 10.0,
		"end_specular_fade_out": 20.0,
		"enable_fade_out_diffuse": true,
		"enable_fade_out_specular": true
	},
	"high": {
		"grid_hierarchy_radii": [10.0, 20.0, 30.0, 40.0],
		"before_diffuse_fade_out": 0.5,
		"after_diffuse_fade_out": 1.0,
		"start_diffuse_fade_out": 30.0,
		"end_diffuse_fade_out": 40.0,
		"start_specular_fade_out": 10.0,
		"end_specular_fade_out": 20.0,
		"enable_fade_out_diffuse": true,
		"enable_fade_out_specular": true
	},
	"ultra": {
		"grid_hierarchy_radii": [10.0, 20.0, 30.0, 40.0],
		"before_diffuse_fade_out": 0.5,
		"after_diffuse_fade_out": 1.0,
		"start_diffuse_fade_out": 5.0,
		"end_diffuse_fade_out": 5.0,
		"start_specular_fade_out": 10.0,
		"end_specular_fade_out": 20.0,
		"enable_fade_out_diffuse": false,
		"enable_fade_out_specular": false
	}
}
