{
    "content": [
        {
            "path": "biomes_client.json"
        },
        {
            "path": "blocks.json"
        },
        {
            "path": "manifest.json"
        },
        {
            "path": "sounds.json"
        },
        {
            "path": "animations/hoglin.animation.json"
        },
        {
            "path": "animations/humanoid.animation.json"
        },
        {
            "path": "animations/piglin.animation.json"
        },
        {
            "path": "animations/strider.animation.json"
        },
        {
            "path": "animations/vindicator.animation.json"
        },
        {
            "path": "animation_controllers/hoglin.animation_controllers.json"
        },
        {
            "path": "animation_controllers/piglin.animation_controllers.json"
        },
        {
            "path": "animation_controllers/player.animation_controllers.json"
        },
        {
            "path": "animation_controllers/vindicator.animation_controllers.json"
        },
        {
            "path": "biomes/basalt_deltas.client_biome.json"
        },
        {
            "path": "biomes/crimson_forest.client_biome.json"
        },
        {
            "path": "biomes/hell.client_biome.json"
        },
        {
            "path": "biomes/soulsand_valley.client_biome.json"
        },
        {
            "path": "biomes/warped_forest.client_biome.json"
        },
        {
            "path": "entity/hoglin.entity.json"
        },
        {
            "path": "entity/piglin.entity.json"
        },
        {
            "path": "entity/piglin_brute.entity.json"
        },
        {
            "path": "entity/player.entity.json"
        },
        {
            "path": "entity/strider.entity.json"
        },
        {
            "path": "entity/vindicator.entity.json"
        },
        {
            "path": "entity/wither_skeleton.entity.json"
        },
        {
            "path": "entity/zoglin.entity.json"
        },
        {
            "path": "entity/zombie_pigman.entity.json"
        },
        {
            "path": "models/entity/arrow.geo.json"
        },
        {
            "path": "models/entity/hoglin.geo.json"
        },
        {
            "path": "models/entity/piglin.geo.json"
        },
        {
            "path": "models/entity/strider.geo.json"
        },
        {
            "path": "particles/basic_crit.json"
        },
        {
            "path": "particles/blue_flame.json"
        },
        {
            "path": "particles/crop_growth.json"
        },
        {
            "path": "particles/dragon_breath_lingering.json"
        },
        {
            "path": "particles/obsidian_tear.json"
        },
        {
            "path": "particles/portal_reverse.json"
        },
        {
            "path": "particles/soul.json"
        },
        {
            "path": "render_controllers/hoglin.render_controllers.json"
        },
        {
            "path": "render_controllers/piglin.render_controllers.json"
        },
        {
            "path": "render_controllers/piglin_brute.render_controllers.json"
        },
        {
            "path": "render_controllers/rabbit.render_controllers.json"
        },
        {
            "path": "render_controllers/strider.render_controllers.json"
        },
        {
            "path": "render_controllers/zoglin.render_controllers.json"
        },
        {
            "path": "render_controllers/zombie_pigman.render_controllers.json"
        },
        {
            "path": "sounds/music_definitions.json"
        },
        {
            "path": "sounds/sound_definitions.json"
        },
        {
            "path": "textures/flipbook_textures.json"
        },
        {
            "path": "textures/item_texture.json"
        },
        {
            "path": "textures/terrain_texture.json"
        },
        {
            "path": "textures/textures_list.json"
        },
        {
            "path": "textures/blocks/ancient_debris_side.png"
        },
        {
            "path": "textures/blocks/ancient_debris_top.png"
        },
        {
            "path": "textures/blocks/basalt_side.png"
        },
        {
            "path": "textures/blocks/basalt_top.png"
        },
        {
            "path": "textures/blocks/blackstone.png"
        },
        {
            "path": "textures/blocks/blackstone_top.png"
        },
        {
            "path": "textures/blocks/chain1.png"
        },
        {
            "path": "textures/blocks/chain2.png"
        },
        {
            "path": "textures/blocks/chiseled_nether_bricks.png"
        },
        {
            "path": "textures/blocks/chiseled_polished_blackstone.png"
        },
        {
            "path": "textures/blocks/cracked_nether_bricks.png"
        },
        {
            "path": "textures/blocks/cracked_polished_blackstone_bricks.png"
        },
        {
            "path": "textures/blocks/crimson_fungus.png"
        },
        {
            "path": "textures/blocks/crimson_nylium_side.png"
        },
        {
            "path": "textures/blocks/crimson_nylium_top.png"
        },
        {
            "path": "textures/blocks/crimson_roots.png"
        },
        {
            "path": "textures/blocks/crimson_roots_pot.png"
        },
        {
            "path": "textures/blocks/crying_obsidian.png"
        },
        {
            "path": "textures/blocks/gilded_blackstone.png"
        },
        {
            "path": "textures/blocks/jigsaw_back.png"
        },
        {
            "path": "textures/blocks/jigsaw_front.png"
        },
        {
            "path": "textures/blocks/jigsaw_lock.png"
        },
        {
            "path": "textures/blocks/jigsaw_side.png"
        },
        {
            "path": "textures/blocks/lodestone_side.png"
        },
        {
            "path": "textures/blocks/lodestone_top.png"
        },
        {
            "path": "textures/blocks/netherite_block.png"
        },
        {
            "path": "textures/blocks/nether_brick.png"
        },
        {
            "path": "textures/blocks/nether_gold_ore.png"
        },
        {
            "path": "textures/blocks/nether_sprouts.png"
        },
        {
            "path": "textures/blocks/polished_basalt_side.png"
        },
        {
            "path": "textures/blocks/polished_basalt_top.png"
        },
        {
            "path": "textures/blocks/polished_blackstone.png"
        },
        {
            "path": "textures/blocks/polished_blackstone_bricks.png"
        },
        {
            "path": "textures/blocks/purpur_pillar_top.png"
        },
        {
            "path": "textures/blocks/quartz_bricks.png"
        },
        {
            "path": "textures/blocks/respawn_anchor_bottom.png"
        },
        {
            "path": "textures/blocks/respawn_anchor_side0.png"
        },
        {
            "path": "textures/blocks/respawn_anchor_side1.png"
        },
        {
            "path": "textures/blocks/respawn_anchor_side2.png"
        },
        {
            "path": "textures/blocks/respawn_anchor_side3.png"
        },
        {
            "path": "textures/blocks/respawn_anchor_side4.png"
        },
        {
            "path": "textures/blocks/respawn_anchor_top.png"
        },
        {
            "path": "textures/blocks/respawn_anchor_top_off.png"
        },
        {
            "path": "textures/blocks/shroomlight.png"
        },
        {
            "path": "textures/blocks/soul_campfire.png"
        },
        {
            "path": "textures/blocks/soul_campfire_log_lit.png"
        },
        {
            "path": "textures/blocks/soul_fire_0.png"
        },
        {
            "path": "textures/blocks/soul_fire_1.png"
        },
        {
            "path": "textures/blocks/soul_lantern.png"
        },
        {
            "path": "textures/blocks/soul_soil.png"
        },
        {
            "path": "textures/blocks/soul_torch.png"
        },
        {
            "path": "textures/blocks/target_side.png"
        },
        {
            "path": "textures/blocks/target_top.png"
        },
        {
            "path": "textures/blocks/twisting_vines_base.png"
        },
        {
            "path": "textures/blocks/twisting_vines_bottom.png"
        },
        {
            "path": "textures/blocks/warped_fungus.png"
        },
        {
            "path": "textures/blocks/warped_nylium_side.png"
        },
        {
            "path": "textures/blocks/warped_nylium_top.png"
        },
        {
            "path": "textures/blocks/warped_roots.png"
        },
        {
            "path": "textures/blocks/warped_roots_pot.png"
        },
        {
            "path": "textures/blocks/warped_wart_block.png"
        },
        {
            "path": "textures/blocks/weeping_vines_base.png"
        },
        {
            "path": "textures/blocks/weeping_vines_bottom.png"
        },
        {
            "path": "textures/blocks/huge_fungus/crimson_door_lower.png"
        },
        {
            "path": "textures/blocks/huge_fungus/crimson_door_top.png"
        },
        {
            "path": "textures/blocks/huge_fungus/crimson_log_side.png"
        },
        {
            "path": "textures/blocks/huge_fungus/crimson_log_top.png"
        },
        {
            "path": "textures/blocks/huge_fungus/crimson_planks.png"
        },
        {
            "path": "textures/blocks/huge_fungus/crimson_trapdoor.png"
        },
        {
            "path": "textures/blocks/huge_fungus/stripped_crimson_stem_side.png"
        },
        {
            "path": "textures/blocks/huge_fungus/stripped_crimson_stem_top.png"
        },
        {
            "path": "textures/blocks/huge_fungus/stripped_warped_stem_side.png"
        },
        {
            "path": "textures/blocks/huge_fungus/stripped_warped_stem_top.png"
        },
        {
            "path": "textures/blocks/huge_fungus/warped_door_lower.png"
        },
        {
            "path": "textures/blocks/huge_fungus/warped_door_top.png"
        },
        {
            "path": "textures/blocks/huge_fungus/warped_planks.png"
        },
        {
            "path": "textures/blocks/huge_fungus/warped_stem_side.png"
        },
        {
            "path": "textures/blocks/huge_fungus/warped_stem_top.png"
        },
        {
            "path": "textures/blocks/huge_fungus/warped_trapdoor.png"
        },
        {
            "path": "textures/entity/sign_acacia.png"
        },
        {
            "path": "textures/entity/sign_birch.png"
        },
        {
            "path": "textures/entity/sign_crimson.png"
        },
        {
            "path": "textures/entity/sign_darkoak.png"
        },
        {
            "path": "textures/entity/sign_jungle.png"
        },
        {
            "path": "textures/entity/sign_spruce.png"
        },
        {
            "path": "textures/entity/sign_warped.png"
        },
        {
            "path": "textures/entity/banner/banner_piglin.png"
        },
        {
            "path": "textures/entity/hoglin/hoglin.png"
        },
        {
            "path": "textures/entity/piglin/piglin.png"
        },
        {
            "path": "textures/entity/piglin/piglin_brute.png"
        },
        {
            "path": "textures/entity/piglin/zombie_piglin.png"
        },
        {
            "path": "textures/entity/strider/strider.png"
        },
        {
            "path": "textures/entity/strider/strider_saddled.png"
        },
        {
            "path": "textures/entity/strider/strider_suffocated.png"
        },
        {
            "path": "textures/entity/strider/strider_suffocated_saddled.png"
        },
        {
            "path": "textures/entity/zoglin/zoglin.png"
        },
        {
            "path": "textures/environment/weather.png"
        },
        {
            "path": "textures/items/chain.png"
        },
        {
            "path": "textures/items/crimson_door.png"
        },
        {
            "path": "textures/items/diamond_axe.png"
        },
        {
            "path": "textures/items/diamond_boots.png"
        },
        {
            "path": "textures/items/diamond_chestplate.png"
        },
        {
            "path": "textures/items/diamond_helmet.png"
        },
        {
            "path": "textures/items/diamond_hoe.png"
        },
        {
            "path": "textures/items/diamond_leggings.png"
        },
        {
            "path": "textures/items/diamond_pickaxe.png"
        },
        {
            "path": "textures/items/diamond_shovel.png"
        },
        {
            "path": "textures/items/diamond_sword.png"
        },
        {
            "path": "textures/items/gold_hoe.png"
        },
        {
            "path": "textures/items/gold_pickaxe.png"
        },
        {
            "path": "textures/items/hoglin_meat_cooked.png"
        },
        {
            "path": "textures/items/hoglin_meat_raw.png"
        },
        {
            "path": "textures/items/lantern.png"
        },
        {
            "path": "textures/items/lodestonecompass_atlas.png"
        },
        {
            "path": "textures/items/lodestonecompass_item.png"
        },
        {
            "path": "textures/items/netherite_axe.png"
        },
        {
            "path": "textures/items/netherite_boots.png"
        },
        {
            "path": "textures/items/netherite_chestplate.png"
        },
        {
            "path": "textures/items/netherite_helmet.png"
        },
        {
            "path": "textures/items/netherite_hoe.png"
        },
        {
            "path": "textures/items/netherite_ingot.png"
        },
        {
            "path": "textures/items/netherite_leggings.png"
        },
        {
            "path": "textures/items/netherite_pickaxe.png"
        },
        {
            "path": "textures/items/netherite_scrap.png"
        },
        {
            "path": "textures/items/netherite_shovel.png"
        },
        {
            "path": "textures/items/netherite_sword.png"
        },
        {
            "path": "textures/items/nether_sprouts.png"
        },
        {
            "path": "textures/items/record_pigstep.png"
        },
        {
            "path": "textures/items/sign_crimson.png"
        },
        {
            "path": "textures/items/sign_warped.png"
        },
        {
            "path": "textures/items/soul_campfire.png"
        },
        {
            "path": "textures/items/soul_lantern.png"
        },
        {
            "path": "textures/items/stone_hoe.png"
        },
        {
            "path": "textures/items/warped_door.png"
        },
        {
            "path": "textures/items/warped_fungus_on_a_stick.png"
        },
        {
            "path": "textures/items/wood_hoe.png"
        },
        {
            "path": "textures/items/wood_pickaxe.png"
        },
        {
            "path": "textures/models/armor/netherite_1.png"
        },
        {
            "path": "textures/models/armor/netherite_2.png"
        },
        {
            "path": "textures/particle/particles.png"
        },
        {
            "path": "textures/particle/soul.png"
        }
    ]
}
