{
  "low": {
    "probe_regen": {
      "far_plane_scaling": 1.0,
      "texture_format": "R16G16B16A16_FLOAT",
      "regen_triggers": {
        "frames_delta": 600,
        "gametime_delta": 100,
        "distance_delta": 500.0,
        "sky_brightness_delta": 3.0,
        "block_brightness_delta": 16.0
      }
    },
    "ibl": {
      "num_samples": 32,
      "dimension": 128
    }
  },
  "medium": {
    "probe_regen": {
      "far_plane_scaling": 1.0,
      "texture_format": "R16G16B16A16_FLOAT",
      "regen_triggers": {
        "frames_delta": 600,
        "gametime_delta": 100,
        "distance_delta": 500.0,
        "sky_brightness_delta": 3.0,
        "block_brightness_delta": 16.0
      }
    },
    "ibl": {
      "num_samples": 32,
      "dimension": 256
    }
  },
  "high": {
    "probe_regen": {
      "far_plane_scaling": 1.0,
      "texture_format": "R16G16B16A16_FLOAT",
      "regen_triggers": {
        "frames_delta": 600,
        "gametime_delta": 100,
        "distance_delta": 500.0,
        "sky_brightness_delta": 3.0,
        "block_brightness_delta": 16.0
      }
    },
    "ibl": {
      "num_samples": 64,
      "dimension": 256
    }
  },
  "ultra": {
    "probe_regen": {
      "far_plane_scaling": 1.0,
      "texture_format": "R16G16B16A16_FLOAT",
      "regen_triggers": {
        "frames_delta": 600,
        "gametime_delta": 100,
        "distance_delta": 500.0,
        "sky_brightness_delta": 3.0,
        "block_brightness_delta": 16.0
      }
    },
    "ibl": {
      "num_samples": 64,
      "dimension": 512
    }
  }
}
