{
  "format_version": "1.20.60",
  "minecraft:biome": {
    "description": {
      "identifier": "savanna_plateau"
    },
    "components": {
      "minecraft:climate": {
        "downfall": 0.0,
        "snow_accumulation": [ 0.0, 0.125 ],
        "temperature": 1.0
      },
      "minecraft:overworld_height": {
        "noise_type": "highlands"
      },
      "minecraft:surface_parameters": {
        "sea_floor_depth": 7,
        "sea_floor_material": "minecraft:gravel",
        "foundation_material": "minecraft:stone",
        "mid_material": "minecraft:dirt",
        "top_material": "minecraft:grass",
        "sea_material": "minecraft:water"
      },
      "minecraft:overworld_generation_rules": {
        "mutate_transformation": "savanna_plateau_mutated"
      },

      "minecraft:tags": {
        "tags": [
          "animal",
          "monster",
          "overworld",
          "plateau",
          "savanna"
        ]
      }
    }
  }
}
