{
  "android": {
    "shadow_config": {
      "file": "shadow_configs/shadow_configuration.android.json"
    },
    "point_light_shadow_config": {
      "file": "point_light_shadow_configs/point_light_shadow_configuration.android.json"
    },
    "volumetric_fog_config": {
      "file": "volumetric_fog_configs/volumetric_fog_configuration.android.json"
    },
    "bloom_config": {
      "file": "bloom_configs/bloom_configuration.json"
    },
    "point_light_loding_config": {
      "file": "point_light_configs/point_light_configuration.android.json"
    },
    "reflection_config": {
      "file": "reflection_configs/reflection_configuration.android.json"
    }
  },
  "chrome_os": {
    "shadow_config": {
      "file": "shadow_configs/shadow_configuration.json"
    },
    "point_light_shadow_config": {
      "file": "point_light_shadow_configs/point_light_shadow_configuration.json"
    },
    "volumetric_fog_config": {
      "file": "volumetric_fog_configs/volumetric_fog_configuration.json"
    },
    "bloom_config": {
      "file": "bloom_configs/bloom_configuration.json"
    },
    "point_light_loding_config": {
      "file": "point_light_configs/point_light_configuration.json"
    },
    "reflection_config": {
      "file": "reflection_configs/reflection_configuration.json"
    }
  },
  "switch": {
    "shadow_config": {
      "file": "shadow_configs/shadow_configuration.json"
    },
    "point_light_shadow_config": {
      "file": "point_light_shadow_configs/point_light_shadow_configuration.json"
    },
    "volumetric_fog_config": {
      "file": "volumetric_fog_configs/volumetric_fog_configuration.json"
    },
    "bloom_config": {
      "file": "bloom_configs/bloom_configuration.json"
    },
    "point_light_loding_config": {
      "file": "point_light_configs/point_light_configuration.json"
    },
    "reflection_config": {
      "file": "reflection_configs/reflection_configuration.json"
    }
  },
  "xbox_one": {
    "shadow_config": {
      "file": "shadow_configs/shadow_configuration.xbox_one.json"
    },
    "point_light_shadow_config": {
      "file": "point_light_shadow_configs/point_light_shadow_configuration.xbox_one.json"
    },
    "volumetric_fog_config": {
      "file": "volumetric_fog_configs/volumetric_fog_configuration.xbox_one.json"
    },
    "bloom_config": {
      "file": "bloom_configs/bloom_configuration.json"
    },
    "point_light_loding_config": {
      "file": "point_light_configs/point_light_configuration.xbox_one.json"
    },
    "reflection_config": {
      "file": "reflection_configs/reflection_configuration.xbox_one.json"
    }
  },
  "xbox_one_s": {
    "shadow_config": {
      "file": "shadow_configs/shadow_configuration.xbox_one_s.json"
    },
    "point_light_shadow_config": {
      "file": "point_light_shadow_configs/point_light_shadow_configuration.xbox_one_s.json"
    },
    "volumetric_fog_config": {
      "file": "volumetric_fog_configs/volumetric_fog_configuration.xbox_one_s.json"
    },
    "bloom_config": {
      "file": "bloom_configs/bloom_configuration.json"
    },
    "point_light_loding_config": {
      "file": "point_light_configs/point_light_configuration.xbox_one_s.json"
    },
    "reflection_config": {
      "file": "reflection_configs/reflection_configuration.xbox_one_s.json"
    }
  },
  "xbox_one_x": {
    "shadow_config": {
      "file": "shadow_configs/shadow_configuration.xbox_one_x.json"
    },
    "point_light_shadow_config": {
      "file": "point_light_shadow_configs/point_light_shadow_configuration.xbox_one_x.json"
    },
    "volumetric_fog_config": {
      "file": "volumetric_fog_configs/volumetric_fog_configuration.xbox_one_x.json"
    },
    "bloom_config": {
      "file": "bloom_configs/bloom_configuration.json"
    },
    "point_light_loding_config": {
      "file": "point_light_configs/point_light_configuration.xbox_one_x.json"
    },
    "reflection_config": {
      "file": "reflection_configs/reflection_configuration.xbox_one_x.json"
    }
  },
  "ps4": {
    "shadow_config": {
      "file": "shadow_configs/shadow_configuration.json"
    },
    "point_light_shadow_config": {
      "file": "point_light_shadow_configs/point_light_shadow_configuration.json"
    },
    "volumetric_fog_config": {
      "file": "volumetric_fog_configs/volumetric_fog_configuration.json"
    },
    "bloom_config": {
      "file": "bloom_configs/bloom_configuration.json"
    },
    "point_light_loding_config": {
      "file": "point_light_configs/point_light_configuration.json"
    },
    "reflection_config": {
      "file": "reflection_configs/reflection_configuration.json"
    }
  },
  "ios": {
    "shadow_config": {
      "file": "shadow_configs/shadow_configuration.ios.json"
    },
    "point_light_shadow_config": {
      "file": "point_light_shadow_configs/point_light_shadow_configuration.ios.json"
    },
    "volumetric_fog_config": {
      "file": "volumetric_fog_configs/volumetric_fog_configuration.ios.json"
    },
    "bloom_config": {
      "file": "bloom_configs/bloom_configuration.json"
    },
    "point_light_loding_config": {
      "file": "point_light_configs/point_light_configuration.ios.json"
    },
    "reflection_config": {
      "file": "reflection_configs/reflection_configuration.json"
    }
  },
  "xbox_series_s": {
    "shadow_config": {
      "file": "shadow_configs/shadow_configuration.xbox_series_s.json"
    },
    "point_light_shadow_config": {
      "file": "point_light_shadow_configs/point_light_shadow_configuration.xbox_series_s.json"
    },
    "volumetric_fog_config": {
      "file": "volumetric_fog_configs/volumetric_fog_configuration.xbox_series_s.json"
    },
    "bloom_config": {
      "file": "bloom_configs/bloom_configuration.xbox_series_s.json"
    },
    "point_light_loding_config": {
      "file": "point_light_configs/point_light_configuration.xbox_series_s.json"
    },
    "reflection_config": {
      "file": "reflection_configs/reflection_configuration.xbox_series_s.json"
    }
  },
  "xbox_series_x": {
    "shadow_config": {
      "file": "shadow_configs/shadow_configuration.xbox_series_x.json"
    },
    "point_light_shadow_config": {
      "file": "point_light_shadow_configs/point_light_shadow_configuration.xbox_series_x.json"
    },
    "volumetric_fog_config": {
      "file": "volumetric_fog_configs/volumetric_fog_configuration.xbox_series_x.json"
    },
    "bloom_config": {
      "file": "bloom_configs/bloom_configuration.xbox_series_x.json"
    },
    "point_light_loding_config": {
      "file": "point_light_configs/point_light_configuration.xbox_series_x.json"
    },
    "reflection_config": {
      "file": "reflection_configs/reflection_configuration.xbox_series_x.json"
    }
  },
  "pc": {
    "shadow_config": {
      "file": "shadow_configs/shadow_configuration.pc.json"
    },
    "point_light_shadow_config": {
      "file": "point_light_shadow_configs/point_light_shadow_configuration.pc.json"
    },
    "volumetric_fog_config": {
      "file": "volumetric_fog_configs/volumetric_fog_configuration.pc.json"
    },
    "bloom_config": {
      "file": "bloom_configs/bloom_configuration.pc.json"
    },
    "point_light_loding_config": {
      "file": "point_light_configs/point_light_configuration.pc.json"
    },
    "reflection_config": {
      "file": "reflection_configs/reflection_configuration.pc.json"
    }
  }
}
