{
  "format_version": [ 1, 1, 0 ],
  "hard_white_stained_glass": {
    "textures": "hard_white_stained_glass",
    "sound": "glass"
  },
  "hard_orange_stained_glass": {
    "textures": "hard_orange_stained_glass",
    "sound": "glass"
  },
  "hard_magenta_stained_glass": {
    "textures": "hard_magenta_stained_glass",
    "sound": "glass"
  },
  "hard_light_blue_stained_glass": {
    "textures": "hard_light_blue_stained_glass",
    "sound": "glass"
  },
  "hard_yellow_stained_glass": {
    "textures": "hard_yellow_stained_glass",
    "sound": "glass"
  },
  "hard_lime_stained_glass": {
    "textures": "hard_lime_stained_glass",
    "sound": "glass"
  },
  "hard_pink_stained_glass": {
    "textures": "hard_pink_stained_glass",
    "sound": "glass"
  },
  "hard_gray_stained_glass": {
    "textures": "hard_gray_stained_glass",
    "sound": "glass"
  },
  "hard_light_gray_stained_glass": {
    "textures": "hard_light_gray_stained_glass",
    "sound": "glass"
  },
  "hard_cyan_stained_glass": {
    "textures": "hard_cyan_stained_glass",
    "sound": "glass"
  },
  "hard_purple_stained_glass": {
    "textures": "hard_purple_stained_glass",
    "sound": "glass"
  },
  "hard_blue_stained_glass": {
    "textures": "hard_blue_stained_glass",
    "sound": "glass"
  },
  "hard_brown_stained_glass": {
    "textures": "hard_brown_stained_glass",
    "sound": "glass"
  },
  "hard_green_stained_glass": {
    "textures": "hard_green_stained_glass",
    "sound": "glass"
  },
  "hard_red_stained_glass": {
    "textures": "hard_red_stained_glass",
    "sound": "glass"
  },
  "hard_black_stained_glass": {
    "textures": "hard_black_stained_glass",
    "sound": "glass"
  },
  "hard_white_stained_glass_pane": {
    "textures": {
      "up": "hard_white_stained_glass",
      "down": "hard_white_stained_glass",
      "north": "hard_white_stained_glass",
      "south": "hard_white_stained_glass",
      "west": "hard_white_stained_glass",
      "east": "white_stained_glass_pane_top"
    },
    "sound": "glass"
  },
  "hard_orange_stained_glass_pane": {
    "textures": {
      "up": "hard_orange_stained_glass",
      "down": "hard_orange_stained_glass",
      "north": "hard_orange_stained_glass",
      "south": "hard_orange_stained_glass",
      "west": "hard_orange_stained_glass",
      "east": "orange_stained_glass_pane_top"
    },
    "sound": "glass"
  },
  "hard_magenta_stained_glass_pane": {
    "textures": {
      "up": "hard_magenta_stained_glass",
      "down": "hard_magenta_stained_glass",
      "north": "hard_magenta_stained_glass",
      "south": "hard_magenta_stained_glass",
      "west": "hard_magenta_stained_glass",
      "east": "magenta_stained_glass_pane_top"
    },
    "sound": "glass"
  },
  "hard_light_blue_stained_glass_pane": {
    "textures": {
      "up": "hard_light_blue_stained_glass",
      "down": "hard_light_blue_stained_glass",
      "north": "hard_light_blue_stained_glass",
      "south": "hard_light_blue_stained_glass",
      "west": "hard_light_blue_stained_glass",
      "east": "light_blue_stained_glass_pane_top"
    },
    "sound": "glass"
  },
  "hard_yellow_stained_glass_pane": {
    "textures": {
      "up": "hard_yellow_stained_glass",
      "down": "hard_yellow_stained_glass",
      "north": "hard_yellow_stained_glass",
      "south": "hard_yellow_stained_glass",
      "west": "hard_yellow_stained_glass",
      "east": "yellow_stained_glass_pane_top"
    },
    "sound": "glass"
  },
  "hard_lime_stained_glass_pane": {
    "textures": {
      "up": "hard_lime_stained_glass",
      "down": "hard_lime_stained_glass",
      "north": "hard_lime_stained_glass",
      "south": "hard_lime_stained_glass",
      "west": "hard_lime_stained_glass",
      "east": "lime_stained_glass_pane_top"
    },
    "sound": "glass"
  },
  "hard_pink_stained_glass_pane": {
    "textures": {
      "up": "hard_pink_stained_glass",
      "down": "hard_pink_stained_glass",
      "north": "hard_pink_stained_glass",
      "south": "hard_pink_stained_glass",
      "west": "hard_pink_stained_glass",
      "east": "pink_stained_glass_pane_top"
    },
    "sound": "glass"
  },
  "hard_gray_stained_glass_pane": {
    "textures": {
      "up": "hard_gray_stained_glass",
      "down": "hard_gray_stained_glass",
      "north": "hard_gray_stained_glass",
      "south": "hard_gray_stained_glass",
      "west": "hard_gray_stained_glass",
      "east": "gray_stained_glass_pane_top"
    },
    "sound": "glass"
  },
  "hard_light_gray_stained_glass_pane": {
    "textures": {
      "up": "hard_light_gray_stained_glass",
      "down": "hard_light_gray_stained_glass",
      "north": "hard_light_gray_stained_glass",
      "south": "hard_light_gray_stained_glass",
      "west": "hard_light_gray_stained_glass",
      "east": "light_gray_stained_glass_pane_top"
    },
    "sound": "glass"
  },
  "hard_cyan_stained_glass_pane": {
    "textures": {
      "up": "hard_cyan_stained_glass",
      "down": "hard_cyan_stained_glass",
      "north": "hard_cyan_stained_glass",
      "south": "hard_cyan_stained_glass",
      "west": "hard_cyan_stained_glass",
      "east": "cyan_stained_glass_pane_top"
    },
    "sound": "glass"
  },
  "hard_purple_stained_glass_pane": {
    "textures": {
      "up": "hard_purple_stained_glass",
      "down": "hard_purple_stained_glass",
      "north": "hard_purple_stained_glass",
      "south": "hard_purple_stained_glass",
      "west": "hard_purple_stained_glass",
      "east": "purple_stained_glass_pane_top"
    },
    "sound": "glass"
  },
  "hard_blue_stained_glass_pane": {
    "textures": {
      "up": "hard_blue_stained_glass",
      "down": "hard_blue_stained_glass",
      "north": "hard_blue_stained_glass",
      "south": "hard_blue_stained_glass",
      "west": "hard_blue_stained_glass",
      "east": "blue_stained_glass_pane_top"
    },
    "sound": "glass"
  },
  "hard_brown_stained_glass_pane": {
    "textures": {
      "up": "hard_brown_stained_glass",
      "down": "hard_brown_stained_glass",
      "north": "hard_brown_stained_glass",
      "south": "hard_brown_stained_glass",
      "west": "hard_brown_stained_glass",
      "east": "brown_stained_glass_pane_top"
    },
    "sound": "glass"
  },
  "hard_green_stained_glass_pane": {
    "textures": {
      "up": "hard_green_stained_glass",
      "down": "hard_green_stained_glass",
      "north": "hard_green_stained_glass",
      "south": "hard_green_stained_glass",
      "west": "hard_green_stained_glass",
      "east": "green_stained_glass_pane_top"
    },
    "sound": "glass"
  },
  "hard_red_stained_glass_pane": {
    "textures": {
      "up": "hard_red_stained_glass",
      "down": "hard_red_stained_glass",
      "north": "hard_red_stained_glass",
      "south": "hard_red_stained_glass",
      "west": "hard_red_stained_glass",
      "east": "red_stained_glass_pane_top"
    },
    "sound": "glass"
  },
  "hard_black_stained_glass_pane": {
    "textures": {
      "up": "hard_black_stained_glass",
      "down": "hard_black_stained_glass",
      "north": "hard_black_stained_glass",
      "south": "hard_black_stained_glass",
      "west": "hard_black_stained_glass",
      "east": "black_stained_glass_pane_top"
    },
    "sound": "glass"
  }
}