{
  "format_version": "1.21.0",
  "minecraft:camera_entity": {
    "description": {
      "identifier": "minecraft:fixed_boom"
    },
    "components": {
      "minecraft:camera": {
        "field_of_view": 66.0,
        "near_clipping_plane": 0.025,
        "far_clipping_plane": 2500.0
      },
      "minecraft:camera_fixed_boom": {},
      "minecraft:camera_third_person_boom": {
        "starting_radius": 10.0,
        "starting_rot": [ 45.0, 45.0 ],
        "rotation_space": "local"
      },
      "minecraft:camera_attach_to_player": {},
      "minecraft:camera_render_player_model": {},
      "minecraft:camera_offset": {
        "view": [ 0.0, 0.0 ],
        "entity": [ 0.0, 0.0, 0.0 ]
      },
      "minecraft:camera_shake": {
        "frequency": 10.0,
        "amplitude": 5.0,
        "noise_multiplier": 4.0
      },
      "minecraft:camera_avoidance": {
        "relax_distance_smoothing_spring": 0.0,
        "distance_constraint_min": 0.25
      },
      "minecraft:update_player_from_camera": {
        "look_mode": "along_camera"
      },
      "minecraft:camera_player_sleep_vignette": {},
      "minecraft:camera_portal_distortion": {},
      "minecraft:camera_liquid_offset": {},
      "minecraft:gameplay_affects_fov": {},
      "minecraft:allow_inside_block": {},
      "minecraft:player_state_affects_rendering": {}
    }
  }
}
