{
  "format_version": "1.20.60",
  "minecraft:biome": {
    "description": {
      "identifier": "savanna"
    },
    "components": {
      "minecraft:climate": {
        "downfall": 0.0,
        "snow_accumulation": [ 0.0, 0.125 ],
        "temperature": 1.2
      },
      "minecraft:multinoise_generation_rules": {
        "target_temperature": 0.1,
        "target_humidity": -0.1,
        "target_altitude": 0.0,
        "target_weirdness": 0.1,
        "weight": 0.2
      },
      "minecraft:overworld_height": {
        "noise_type": "lowlands"
      },
      "minecraft:surface_parameters": {
        "sea_floor_depth": 7,
        "sea_floor_material": "minecraft:gravel",
        "foundation_material": "minecraft:stone",
        "mid_material": "minecraft:dirt",
        "top_material": "minecraft:grass",
        "sea_material": "minecraft:water"
      },
      "minecraft:overworld_generation_rules": {
        "hills_transformation": "savanna_plateau",
        "mutate_transformation": "savanna_mutated",
        "generate_for_climates": [
          [ "warm", 2 ]
        ]
      },

      "minecraft:tags": {
        "tags": [
          "animal",
          "monster",
          "overworld",
          "savanna"
        ]
      }
    }
  }
}
