{
  "format_version": "1.20.60",
  "minecraft:biome": {
    "description": {
      "identifier": "forest_hills"
    },
    "components": {
      "minecraft:climate": {
        "downfall": 0.80,
        "snow_accumulation": [ 0.0, 0.125 ],
        "temperature": 0.7
      },
      "minecraft:multinoise_generation_rules": {
        "target_temperature": 0.0,
        "target_humidity": 0.5,
        "target_altitude": 0.2,
        "target_weirdness": 0.0,
        "weight": 0.375
      },
      "minecraft:overworld_height": {
        "noise_type": "mountains"
      },
      "minecraft:surface_parameters": {
        "sea_floor_depth": 7,
        "sea_floor_material": "minecraft:gravel",
        "foundation_material": "minecraft:stone",
        "mid_material": "minecraft:dirt",
        "top_material": "minecraft:grass",
        "sea_material": "minecraft:water"
      },

      "minecraft:tags": {
        "tags": [
          "animal",
          "hills",
          "monster",
          "overworld",
          "forest",
          "bee_habitat"
        ]
      }
    }
  }
}
