{
  "format_version": "1.12.0",
  "geometry.tall_body": {
    "bones": [
      {
        "name": "root",
        "pivot": [ 0.0, 0.0, 0.0 ]
      },
      {
        "name": "waist",
        "parent": "root",
        "pivot": [ 0.0, 12.0, 0.0 ]
      },
      {
        "name": "body",
        "parent": "waist",
        "pivot": [ 0, 25, 0 ],
        "rotation": [ 0, 0, 0 ],
        "poly_mesh": {
          "normalized_uvs": true,
          "positions": [
            [ -4, 25, -2 ],
            [ 4, 25, -2 ],
            [ 4, 25, 2 ],
            [ -4, 25, 2 ],
            [ -4, 12, 2 ],
            [ 4, 12, 2 ],
            [ 4, 12, -2 ],
            [ -4, 12, -2 ],
            [ -4, 12, 2 ],
            [ -4, 12, -2 ],
            [ -4, 25, -2 ],
            [ -4, 25, 2 ],
            [ 4, 12, -2 ],
            [ 4, 12, 2 ],
            [ 4, 25, 2 ],
            [ 4, 25, -2 ],
            [ -4, 12, -2 ],
            [ 4, 12, -2 ],
            [ 4, 25, -2 ],
            [ -4, 25, -2 ],
            [ 4, 12, 2 ],
            [ -4, 12, 2 ],
            [ -4, 25, 2 ],
            [ 4, 25, 2 ]
          ],
          "normals": [
            [ 0, 1, 0 ],
            [ 0, -1, 0 ],
            [ -1, 0, 0 ],
            [ 1, 0, 0 ],
            [ 0, 0, -1 ],
            [ 0, 0, 1 ]
          ],
          "uvs": [
            [ 0.71875, 0.96875 ],
            [ 0.78125, 0.96875 ],
            [ 0.78125, 1 ],
            [ 0.71875, 1 ],
            [ 0.84375, 1 ],
            [ 0.78125, 1 ],
            [ 0.78125, 0.96875 ],
            [ 0.84375, 0.96875 ],
            [ 0.6875, 0.8671875 ],
            [ 0.71875, 0.8671875 ],
            [ 0.71875, 0.96875 ],
            [ 0.6875, 0.96875 ],
            [ 0.78125, 0.8671875 ],
            [ 0.8125, 0.8671875 ],
            [ 0.8125, 0.96875 ],
            [ 0.78125, 0.96875 ],
            [ 0.71875, 0.8671875 ],
            [ 0.78125, 0.8671875 ],
            [ 0.78125, 0.96875 ],
            [ 0.71875, 0.96875 ],
            [ 0.8125, 0.8671875 ],
            [ 0.875, 0.8671875 ],
            [ 0.875, 0.96875 ],
            [ 0.8125, 0.96875 ]
          ],
          "average_normals": null,
          "polys": [
            [
              [ 0, 0, 0 ],
              [ 1, 0, 1 ],
              [ 2, 0, 2 ],
              [ 3, 0, 3 ]
            ],
            [
              [ 4, 1, 4 ],
              [ 5, 1, 5 ],
              [ 6, 1, 6 ],
              [ 7, 1, 7 ]
            ],
            [
              [ 8, 2, 8 ],
              [ 9, 2, 9 ],
              [ 10, 2, 10 ],
              [ 11, 2, 11 ]
            ],
            [
              [ 12, 3, 12 ],
              [ 13, 3, 13 ],
              [ 14, 3, 14 ],
              [ 15, 3, 15 ]
            ],
            [
              [ 16, 4, 16 ],
              [ 17, 4, 17 ],
              [ 18, 4, 18 ],
              [ 19, 4, 19 ]
            ],
            [
              [ 20, 5, 20 ],
              [ 21, 5, 21 ],
              [ 22, 5, 22 ],
              [ 23, 5, 23 ]
            ]
          ]
        }
      }
    ]
  },
  "geometry.tall_head": {
    "bones": [
      {
        "name": "head",
        "parent": "body",
        "pivot": [ 0, 25, 0 ],
        "rotation": null,
        "poly_mesh": {
          "normalized_uvs": true,
          "positions": [
            [ -4, 33, -4 ],
            [ 4, 33, -4 ],
            [ 4, 33, 4 ],
            [ -4, 33, 4 ],
            [ -4, 25, 4 ],
            [ 4, 25, 4 ],
            [ 4, 25, -4 ],
            [ -4, 25, -4 ],
            [ -4, 25, 4 ],
            [ -4, 25, -4 ],
            [ -4, 33, -4 ],
            [ -4, 33, 4 ],
            [ 4, 25, -4 ],
            [ 4, 25, 4 ],
            [ 4, 33, 4 ],
            [ 4, 33, -4 ],
            [ -4, 25, -4 ],
            [ 4, 25, -4 ],
            [ 4, 33, -4 ],
            [ -4, 33, -4 ],
            [ 4, 25, 4 ],
            [ -4, 25, 4 ],
            [ -4, 33, 4 ],
            [ 4, 33, 4 ]
          ],
          "normals": [
            [ 0, 1, 0 ],
            [ 0, -1, 0 ],
            [ -1, 0, 0 ],
            [ 1, 0, 0 ],
            [ 0, 0, -1 ],
            [ 0, 0, 1 ]
          ],
          "uvs": [
            [ 0.25, 0.75 ],
            [ 0.5, 0.75 ],
            [ 0.5, 1 ],
            [ 0.25, 1 ],
            [ 0.75, 1 ],
            [ 0.5, 1 ],
            [ 0.5, 0.75 ],
            [ 0.75, 0.75 ],
            [ 0, 0.5 ],
            [ 0.25, 0.5 ],
            [ 0.25, 0.75 ],
            [ 0, 0.75 ],
            [ 0.5, 0.5 ],
            [ 0.75, 0.5 ],
            [ 0.75, 0.75 ],
            [ 0.5, 0.75 ],
            [ 0.25, 0.5 ],
            [ 0.5, 0.5 ],
            [ 0.5, 0.75 ],
            [ 0.25, 0.75 ],
            [ 0.75, 0.5 ],
            [ 1, 0.5 ],
            [ 1, 0.75 ],
            [ 0.75, 0.75 ]
          ],
          "polys": [
            [
              [ 0, 0, 0 ],
              [ 1, 0, 1 ],
              [ 2, 0, 2 ],
              [ 3, 0, 3 ]
            ],
            [
              [ 4, 1, 4 ],
              [ 5, 1, 5 ],
              [ 6, 1, 6 ],
              [ 7, 1, 7 ]
            ],
            [
              [ 8, 2, 8 ],
              [ 9, 2, 9 ],
              [ 10, 2, 10 ],
              [ 11, 2, 11 ]
            ],
            [
              [ 12, 3, 12 ],
              [ 13, 3, 13 ],
              [ 14, 3, 14 ],
              [ 15, 3, 15 ]
            ],
            [
              [ 16, 4, 16 ],
              [ 17, 4, 17 ],
              [ 18, 4, 18 ],
              [ 19, 4, 19 ]
            ],
            [
              [ 20, 5, 20 ],
              [ 21, 5, 21 ],
              [ 22, 5, 22 ],
              [ 23, 5, 23 ]
            ]
          ]
        }
      }
    ]
  },
  "geometry.tall_head_clothing": {
    "bones": [
      {
        "name": "hat",
        "parent": "head",
        "pivot": [ 0, 25, 0 ],
        "rotation": null,
        "poly_mesh": {
          "normalized_uvs": true,
          "positions": [
            [ -4.5, 33.5, -4.5 ],
            [ 4.5, 33.5, -4.5 ],
            [ 4.5, 33.5, 4.5 ],
            [ -4.5, 33.5, 4.5 ],
            [ -4.5, 24.5, 4.5 ],
            [ 4.5, 24.5, 4.5 ],
            [ 4.5, 24.5, -4.5 ],
            [ -4.5, 24.5, -4.5 ],
            [ -4.5, 24.5, 4.5 ],
            [ -4.5, 24.5, -4.5 ],
            [ -4.5, 33.5, -4.5 ],
            [ -4.5, 33.5, 4.5 ],
            [ 4.5, 24.5, -4.5 ],
            [ 4.5, 24.5, 4.5 ],
            [ 4.5, 33.5, 4.5 ],
            [ 4.5, 33.5, -4.5 ],
            [ -4.5, 24.5, -4.5 ],
            [ 4.5, 24.5, -4.5 ],
            [ 4.5, 33.5, -4.5 ],
            [ -4.5, 33.5, -4.5 ],
            [ 4.5, 24.5, 4.5 ],
            [ -4.5, 24.5, 4.5 ],
            [ -4.5, 33.5, 4.5 ],
            [ 4.5, 33.5, 4.5 ]
          ],
          "normals": [
            [ 0, 1, 0 ],
            [ 0, -1, 0 ],
            [ -1, 0, 0 ],
            [ 1, 0, 0 ],
            [ 0, 0, -1 ],
            [ 0, 0, 1 ]
          ],
          "uvs": [
            [ 0.25, 0.25 ],
            [ 0.5, 0.25 ],
            [ 0.5, 0.5 ],
            [ 0.25, 0.5 ],
            [ 0.75, 0.5 ],
            [ 0.5, 0.5 ],
            [ 0.5, 0.25 ],
            [ 0.75, 0.25 ],
            [ 0, 0 ],
            [ 0.25, 0 ],
            [ 0.25, 0.25 ],
            [ 0, 0.25 ],
            [ 0.5, 0 ],
            [ 0.75, 0 ],
            [ 0.75, 0.25 ],
            [ 0.5, 0.25 ],
            [ 0.25, 0 ],
            [ 0.5, 0 ],
            [ 0.5, 0.25 ],
            [ 0.25, 0.25 ],
            [ 0.75, 0 ],
            [ 1, 0 ],
            [ 1, 0.25 ],
            [ 0.75, 0.25 ]
          ],
          "polys": [
            [
              [ 0, 0, 0 ],
              [ 1, 0, 1 ],
              [ 2, 0, 2 ],
              [ 3, 0, 3 ]
            ],
            [
              [ 4, 1, 4 ],
              [ 5, 1, 5 ],
              [ 6, 1, 6 ],
              [ 7, 1, 7 ]
            ],
            [
              [ 8, 2, 8 ],
              [ 9, 2, 9 ],
              [ 10, 2, 10 ],
              [ 11, 2, 11 ]
            ],
            [
              [ 12, 3, 12 ],
              [ 13, 3, 13 ],
              [ 14, 3, 14 ],
              [ 15, 3, 15 ]
            ],
            [
              [ 16, 4, 16 ],
              [ 17, 4, 17 ],
              [ 18, 4, 18 ],
              [ 19, 4, 19 ]
            ],
            [
              [ 20, 5, 20 ],
              [ 21, 5, 21 ],
              [ 22, 5, 22 ],
              [ 23, 5, 23 ]
            ]
          ]
        }
      }
    ]
  },
  "geometry.tall_left_wide_arm": {
    "bones": [
      {
        "name": "leftArm",
        "parent": "body",
        "pivot": [ 5, 23, 0 ],
        "rotation": [ 0, 0, 0 ],
        "poly_mesh": {
          "normalized_uvs": true,
          "positions": [
            [ 4, 25, -2 ],
            [ 8, 25, -2 ],
            [ 8, 25, 2 ],
            [ 4, 25, 2 ],
            [ 4, 12, 2 ],
            [ 8, 12, 2 ],
            [ 8, 12, -2 ],
            [ 4, 12, -2 ],
            [ 4, 12, 2 ],
            [ 4, 12, -2 ],
            [ 4, 25, -2 ],
            [ 4, 25, 2 ],
            [ 8, 12, -2 ],
            [ 8, 12, 2 ],
            [ 8, 25, 2 ],
            [ 8, 25, -2 ],
            [ 4, 12, -2 ],
            [ 8, 12, -2 ],
            [ 8, 25, -2 ],
            [ 4, 25, -2 ],
            [ 8, 12, 2 ],
            [ 4, 12, 2 ],
            [ 4, 25, 2 ],
            [ 8, 25, 2 ]
          ],
          "normals": [
            [ 0, 1, 0 ],
            [ 0, -1, 0 ],
            [ -1, 0, 0 ],
            [ 1, 0, 0 ],
            [ 0, 0, -1 ],
            [ 0, 0, 1 ]
          ],
          "uvs": [
            [ 0.90625, 0.96875 ],
            [ 0.9375, 0.96875 ],
            [ 0.9375, 1 ],
            [ 0.90625, 1 ],
            [ 0.96875, 1 ],
            [ 0.9375, 1 ],
            [ 0.9375, 0.96875 ],
            [ 0.96875, 0.96875 ],
            [ 0.875, 0.8671875 ],
            [ 0.90625, 0.8671875 ],
            [ 0.90625, 0.96875 ],
            [ 0.875, 0.96875 ],
            [ 0.9375, 0.8671875 ],
            [ 0.96875, 0.8671875 ],
            [ 0.96875, 0.96875 ],
            [ 0.9375, 0.96875 ],
            [ 0.90625, 0.8671875 ],
            [ 0.9375, 0.8671875 ],
            [ 0.9375, 0.96875 ],
            [ 0.90625, 0.96875 ],
            [ 0.96875, 0.8671875 ],
            [ 1, 0.8671875 ],
            [ 1, 0.96875 ],
            [ 0.96875, 0.96875 ]
          ],
          "average_normals": null,
          "polys": [
            [
              [ 0, 0, 0 ],
              [ 1, 0, 1 ],
              [ 2, 0, 2 ],
              [ 3, 0, 3 ]
            ],
            [
              [ 4, 1, 4 ],
              [ 5, 1, 5 ],
              [ 6, 1, 6 ],
              [ 7, 1, 7 ]
            ],
            [
              [ 8, 2, 8 ],
              [ 9, 2, 9 ],
              [ 10, 2, 10 ],
              [ 11, 2, 11 ]
            ],
            [
              [ 12, 3, 12 ],
              [ 13, 3, 13 ],
              [ 14, 3, 14 ],
              [ 15, 3, 15 ]
            ],
            [
              [ 16, 4, 16 ],
              [ 17, 4, 17 ],
              [ 18, 4, 18 ],
              [ 19, 4, 19 ]
            ],
            [
              [ 20, 5, 20 ],
              [ 21, 5, 21 ],
              [ 22, 5, 22 ],
              [ 23, 5, 23 ]
            ]
          ]
        }
      }
    ]
  },
  "geometry.tall_right_wide_arm": {
    "bones": [
      {
        "name": "rightArm",
        "parent": "body",
        "pivot": [ -5, 23, 0 ],
        "rotation": [ 0, 0, 0 ],
        "poly_mesh": {
          "normalized_uvs": true,
          "positions": [
            [ -8, 25, -2 ],
            [ -4, 25, -2 ],
            [ -4, 25, 2 ],
            [ -8, 25, 2 ],
            [ -8, 12, 2 ],
            [ -4, 12, 2 ],
            [ -4, 12, -2 ],
            [ -8, 12, -2 ],
            [ -8, 12, 2 ],
            [ -8, 12, -2 ],
            [ -8, 25, -2 ],
            [ -8, 25, 2 ],
            [ -4, 12, -2 ],
            [ -4, 12, 2 ],
            [ -4, 25, 2 ],
            [ -4, 25, -2 ],
            [ -8, 12, -2 ],
            [ -4, 12, -2 ],
            [ -4, 25, -2 ],
            [ -8, 25, -2 ],
            [ -4, 12, 2 ],
            [ -8, 12, 2 ],
            [ -8, 25, 2 ],
            [ -4, 25, 2 ]
          ],
          "normals": [
            [ 0, 1, 0 ],
            [ 0, -1, 0 ],
            [ -1, 0, 0 ],
            [ 1, 0, 0 ],
            [ 0, 0, -1 ],
            [ 0, 0, 1 ]
          ],
          "uvs": [
            [ 0.59375, 0.96875 ],
            [ 0.625, 0.96875 ],
            [ 0.625, 1 ],
            [ 0.59375, 1 ],
            [ 0.65625, 1 ],
            [ 0.625, 1 ],
            [ 0.625, 0.96875 ],
            [ 0.65625, 0.96875 ],
            [ 0.5625, 0.8671875 ],
            [ 0.59375, 0.8671875 ],
            [ 0.59375, 0.96875 ],
            [ 0.5625, 0.96875 ],
            [ 0.625, 0.8671875 ],
            [ 0.65625, 0.8671875 ],
            [ 0.65625, 0.96875 ],
            [ 0.625, 0.96875 ],
            [ 0.59375, 0.8671875 ],
            [ 0.625, 0.8671875 ],
            [ 0.625, 0.96875 ],
            [ 0.59375, 0.96875 ],
            [ 0.65625, 0.8671875 ],
            [ 0.6875, 0.8671875 ],
            [ 0.6875, 0.96875 ],
            [ 0.65625, 0.96875 ]
          ],
          "average_normals": null,
          "polys": [
            [
              [ 0, 0, 0 ],
              [ 1, 0, 1 ],
              [ 2, 0, 2 ],
              [ 3, 0, 3 ]
            ],
            [
              [ 4, 1, 4 ],
              [ 5, 1, 5 ],
              [ 6, 1, 6 ],
              [ 7, 1, 7 ]
            ],
            [
              [ 8, 2, 8 ],
              [ 9, 2, 9 ],
              [ 10, 2, 10 ],
              [ 11, 2, 11 ]
            ],
            [
              [ 12, 3, 12 ],
              [ 13, 3, 13 ],
              [ 14, 3, 14 ],
              [ 15, 3, 15 ]
            ],
            [
              [ 16, 4, 16 ],
              [ 17, 4, 17 ],
              [ 18, 4, 18 ],
              [ 19, 4, 19 ]
            ],
            [
              [ 20, 5, 20 ],
              [ 21, 5, 21 ],
              [ 22, 5, 22 ],
              [ 23, 5, 23 ]
            ]
          ]
        }
      }
    ]
  },
  "geometry.tall_left_wide_clothing_arm": {
    "bones": [
      {
        "name": "leftSleeve",
        "parent": "leftArm",
        "pivot": [ 5, 23, 0 ],
        "rotation": [ 0, 0, 0 ],
        "poly_mesh": {
          "normalized_uvs": true,
          "positions": [
            [ 3.75, 25.25, -2.25 ],
            [ 8.25, 25.25, -2.25 ],
            [ 8.25, 25.25, 2.25 ],
            [ 3.75, 25.25, 2.25 ],
            [ 3.75, 11.75, 2.25 ],
            [ 8.25, 11.75, 2.25 ],
            [ 8.25, 11.75, -2.25 ],
            [ 3.75, 11.75, -2.25 ],
            [ 3.75, 11.75, 2.25 ],
            [ 3.75, 11.75, -2.25 ],
            [ 3.75, 25.25, -2.25 ],
            [ 3.75, 25.25, 2.25 ],
            [ 8.25, 11.75, -2.25 ],
            [ 8.25, 11.75, 2.25 ],
            [ 8.25, 25.25, 2.25 ],
            [ 8.25, 25.25, -2.25 ],
            [ 3.75, 11.75, -2.25 ],
            [ 8.25, 11.75, -2.25 ],
            [ 8.25, 25.25, -2.25 ],
            [ 3.75, 25.25, -2.25 ],
            [ 8.25, 11.75, 2.25 ],
            [ 3.75, 11.75, 2.25 ],
            [ 3.75, 25.25, 2.25 ],
            [ 8.25, 25.25, 2.25 ]
          ],
          "normals": [
            [ 0, 1, 0 ],
            [ 0, -1, 0 ],
            [ -1, 0, 0 ],
            [ 1, 0, 0 ],
            [ 0, 0, -1 ],
            [ 0, 0, 1 ]
          ],
          "uvs": [
            [ 0.90625, 0.8359375 ],
            [ 0.9375, 0.8359375 ],
            [ 0.9375, 0.8671875 ],
            [ 0.90625, 0.8671875 ],
            [ 0.96875, 0.8671875 ],
            [ 0.9375, 0.8671875 ],
            [ 0.9375, 0.8359375 ],
            [ 0.96875, 0.8359375 ],
            [ 0.875, 0.734375 ],
            [ 0.90625, 0.734375 ],
            [ 0.90625, 0.8359375 ],
            [ 0.875, 0.8359375 ],
            [ 0.9375, 0.734375 ],
            [ 0.96875, 0.734375 ],
            [ 0.96875, 0.8359375 ],
            [ 0.9375, 0.8359375 ],
            [ 0.90625, 0.734375 ],
            [ 0.9375, 0.734375 ],
            [ 0.9375, 0.8359375 ],
            [ 0.90625, 0.8359375 ],
            [ 0.96875, 0.734375 ],
            [ 1, 0.734375 ],
            [ 1, 0.8359375 ],
            [ 0.96875, 0.8359375 ]
          ],
          "average_normals": null,
          "polys": [
            [
              [ 0, 0, 0 ],
              [ 1, 0, 1 ],
              [ 2, 0, 2 ],
              [ 3, 0, 3 ]
            ],
            [
              [ 4, 1, 4 ],
              [ 5, 1, 5 ],
              [ 6, 1, 6 ],
              [ 7, 1, 7 ]
            ],
            [
              [ 8, 2, 8 ],
              [ 9, 2, 9 ],
              [ 10, 2, 10 ],
              [ 11, 2, 11 ]
            ],
            [
              [ 12, 3, 12 ],
              [ 13, 3, 13 ],
              [ 14, 3, 14 ],
              [ 15, 3, 15 ]
            ],
            [
              [ 16, 4, 16 ],
              [ 17, 4, 17 ],
              [ 18, 4, 18 ],
              [ 19, 4, 19 ]
            ],
            [
              [ 20, 5, 20 ],
              [ 21, 5, 21 ],
              [ 22, 5, 22 ],
              [ 23, 5, 23 ]
            ]
          ]
        }
      }
    ]
  },
  "geometry.tall_right_wide_clothing_arm": {
    "bones": [
      {
        "name": "rightSleeve",
        "parent": "rightArm",
        "pivot": [ -5, 23, 0 ],
        "rotation": [ 0, 0, 0 ],
        "poly_mesh": {
          "normalized_uvs": true,
          "positions": [
            [ -8.25, 25.25, -2.25 ],
            [ -3.75, 25.25, -2.25 ],
            [ -3.75, 25.25, 2.25 ],
            [ -8.25, 25.25, 2.25 ],
            [ -8.25, 11.75, 2.25 ],
            [ -3.75, 11.75, 2.25 ],
            [ -3.75, 11.75, -2.25 ],
            [ -8.25, 11.75, -2.25 ],
            [ -8.25, 11.75, 2.25 ],
            [ -8.25, 11.75, -2.25 ],
            [ -8.25, 25.25, -2.25 ],
            [ -8.25, 25.25, 2.25 ],
            [ -3.75, 11.75, -2.25 ],
            [ -3.75, 11.75, 2.25 ],
            [ -3.75, 25.25, 2.25 ],
            [ -3.75, 25.25, -2.25 ],
            [ -8.25, 11.75, -2.25 ],
            [ -3.75, 11.75, -2.25 ],
            [ -3.75, 25.25, -2.25 ],
            [ -8.25, 25.25, -2.25 ],
            [ -3.75, 11.75, 2.25 ],
            [ -8.25, 11.75, 2.25 ],
            [ -8.25, 25.25, 2.25 ],
            [ -3.75, 25.25, 2.25 ]
          ],
          "normals": [
            [ 0, 1, 0 ],
            [ 0, -1, 0 ],
            [ -1, 0, 0 ],
            [ 1, 0, 0 ],
            [ 0, 0, -1 ],
            [ 0, 0, 1 ]
          ],
          "uvs": [
            [ 0.59375, 0.8359375 ],
            [ 0.625, 0.8359375 ],
            [ 0.625, 0.8671875 ],
            [ 0.59375, 0.8671875 ],
            [ 0.65625, 0.8671875 ],
            [ 0.625, 0.8671875 ],
            [ 0.625, 0.8359375 ],
            [ 0.65625, 0.8359375 ],
            [ 0.5625, 0.734375 ],
            [ 0.59375, 0.734375 ],
            [ 0.59375, 0.8359375 ],
            [ 0.5625, 0.8359375 ],
            [ 0.625, 0.734375 ],
            [ 0.65625, 0.734375 ],
            [ 0.65625, 0.8359375 ],
            [ 0.625, 0.8359375 ],
            [ 0.59375, 0.734375 ],
            [ 0.625, 0.734375 ],
            [ 0.625, 0.8359375 ],
            [ 0.59375, 0.8359375 ],
            [ 0.65625, 0.734375 ],
            [ 0.6875, 0.734375 ],
            [ 0.6875, 0.8359375 ],
            [ 0.65625, 0.8359375 ]
          ],
          "average_normals": null,
          "polys": [
            [
              [ 0, 0, 0 ],
              [ 1, 0, 1 ],
              [ 2, 0, 2 ],
              [ 3, 0, 3 ]
            ],
            [
              [ 4, 1, 4 ],
              [ 5, 1, 5 ],
              [ 6, 1, 6 ],
              [ 7, 1, 7 ]
            ],
            [
              [ 8, 2, 8 ],
              [ 9, 2, 9 ],
              [ 10, 2, 10 ],
              [ 11, 2, 11 ]
            ],
            [
              [ 12, 3, 12 ],
              [ 13, 3, 13 ],
              [ 14, 3, 14 ],
              [ 15, 3, 15 ]
            ],
            [
              [ 16, 4, 16 ],
              [ 17, 4, 17 ],
              [ 18, 4, 18 ],
              [ 19, 4, 19 ]
            ],
            [
              [ 20, 5, 20 ],
              [ 21, 5, 21 ],
              [ 22, 5, 22 ],
              [ 23, 5, 23 ]
            ]
          ]
        }
      }
    ]
  },
  "geometry.tall_left_leg": {
    "bones": [
      {
        "name": "leftLeg",
        "parent": "root",
        "pivot": [ 1.9, 12, 0 ],
        "rotation": [ 0, 0, 0 ],
        "poly_mesh": {
          "normalized_uvs": true,
          "positions": [
            [ -0.1, 12, -2 ],
            [ 3.9, 12, -2 ],
            [ 3.9, 12, 2 ],
            [ -0.1, 12, 2 ],
            [ -0.1, 0, 2 ],
            [ 3.9, 0, 2 ],
            [ 3.9, 0, -2 ],
            [ -0.1, 0, -2 ],
            [ -0.1, 0, 2 ],
            [ -0.1, 0, -2 ],
            [ -0.1, 12, -2 ],
            [ -0.1, 12, 2 ],
            [ 3.9, 0, -2 ],
            [ 3.9, 0, 2 ],
            [ 3.9, 12, 2 ],
            [ 3.9, 12, -2 ],
            [ -0.1, 0, -2 ],
            [ 3.9, 0, -2 ],
            [ 3.9, 12, -2 ],
            [ -0.1, 12, -2 ],
            [ 3.9, 0, 2 ],
            [ -0.1, 0, 2 ],
            [ -0.1, 12, 2 ],
            [ 3.9, 12, 2 ]
          ],
          "normals": [
            [ 0, 1, 0 ],
            [ 0, -1, 0 ],
            [ -1, 0, 0 ],
            [ 1, 0, 0 ],
            [ 0, 0, -1 ],
            [ 0, 0, 1 ]
          ],
          "uvs": [
            [ 0.28125, 0.71875 ],
            [ 0.3125, 0.71875 ],
            [ 0.3125, 0.75 ],
            [ 0.28125, 0.75 ],
            [ 0.34375, 0.75 ],
            [ 0.3125, 0.75 ],
            [ 0.3125, 0.71875 ],
            [ 0.34375, 0.71875 ],
            [ 0.25, 0.625 ],
            [ 0.28125, 0.625 ],
            [ 0.28125, 0.71875 ],
            [ 0.25, 0.71875 ],
            [ 0.3125, 0.625 ],
            [ 0.34375, 0.625 ],
            [ 0.34375, 0.71875 ],
            [ 0.3125, 0.71875 ],
            [ 0.28125, 0.625 ],
            [ 0.3125, 0.625 ],
            [ 0.3125, 0.71875 ],
            [ 0.28125, 0.71875 ],
            [ 0.34375, 0.625 ],
            [ 0.375, 0.625 ],
            [ 0.375, 0.71875 ],
            [ 0.34375, 0.71875 ]
          ],
          "average_normals": null,
          "polys": [
            [
              [ 0, 0, 0 ],
              [ 1, 0, 1 ],
              [ 2, 0, 2 ],
              [ 3, 0, 3 ]
            ],
            [
              [ 4, 1, 4 ],
              [ 5, 1, 5 ],
              [ 6, 1, 6 ],
              [ 7, 1, 7 ]
            ],
            [
              [ 8, 2, 8 ],
              [ 9, 2, 9 ],
              [ 10, 2, 10 ],
              [ 11, 2, 11 ]
            ],
            [
              [ 12, 3, 12 ],
              [ 13, 3, 13 ],
              [ 14, 3, 14 ],
              [ 15, 3, 15 ]
            ],
            [
              [ 16, 4, 16 ],
              [ 17, 4, 17 ],
              [ 18, 4, 18 ],
              [ 19, 4, 19 ]
            ],
            [
              [ 20, 5, 20 ],
              [ 21, 5, 21 ],
              [ 22, 5, 22 ],
              [ 23, 5, 23 ]
            ]
          ]
        }
      }
    ]
  },
  "geometry.tall_right_leg": {
    "bones": [
      {
        "name": "rightLeg",
        "parent": "root",
        "pivot": [ -1.9, 12, 0 ],
        "rotation": [ 0, 0, 0 ],
        "poly_mesh": {
          "normalized_uvs": true,
          "positions": [
            [ -3.9, 12, -2 ],
            [ 0.0999999, 12, -2 ],
            [ 0.0999999, 12, 2 ],
            [ -3.9, 12, 2 ],
            [ -3.9, 0, 2 ],
            [ 0.0999999, 0, 2 ],
            [ 0.0999999, 0, -2 ],
            [ -3.9, 0, -2 ],
            [ -3.9, 0, 2 ],
            [ -3.9, 0, -2 ],
            [ -3.9, 12, -2 ],
            [ -3.9, 12, 2 ],
            [ 0.0999999, 0, -2 ],
            [ 0.0999999, 0, 2 ],
            [ 0.0999999, 12, 2 ],
            [ 0.0999999, 12, -2 ],
            [ -3.9, 0, -2 ],
            [ 0.0999999, 0, -2 ],
            [ 0.0999999, 12, -2 ],
            [ -3.9, 12, -2 ],
            [ 0.0999999, 0, 2 ],
            [ -3.9, 0, 2 ],
            [ -3.9, 12, 2 ],
            [ 0.0999999, 12, 2 ]
          ],
          "normals": [
            [ 0, 1, 0 ],
            [ 0, -1, 0 ],
            [ -1, 0, 0 ],
            [ 1, 0, 0 ],
            [ 0, 0, -1 ],
            [ 0, 0, 1 ]
          ],
          "uvs": [
            [ 0.15625, 0.71875 ],
            [ 0.1875, 0.71875 ],
            [ 0.1875, 0.75 ],
            [ 0.15625, 0.75 ],
            [ 0.21875, 0.75 ],
            [ 0.1875, 0.75 ],
            [ 0.1875, 0.71875 ],
            [ 0.21875, 0.71875 ],
            [ 0.125, 0.625 ],
            [ 0.15625, 0.625 ],
            [ 0.15625, 0.71875 ],
            [ 0.125, 0.71875 ],
            [ 0.1875, 0.625 ],
            [ 0.21875, 0.625 ],
            [ 0.21875, 0.71875 ],
            [ 0.1875, 0.71875 ],
            [ 0.15625, 0.625 ],
            [ 0.1875, 0.625 ],
            [ 0.1875, 0.71875 ],
            [ 0.15625, 0.71875 ],
            [ 0.21875, 0.625 ],
            [ 0.25, 0.625 ],
            [ 0.25, 0.71875 ],
            [ 0.21875, 0.71875 ]
          ],
          "average_normals": null,
          "polys": [
            [
              [ 0, 0, 0 ],
              [ 1, 0, 1 ],
              [ 2, 0, 2 ],
              [ 3, 0, 3 ]
            ],
            [
              [ 4, 1, 4 ],
              [ 5, 1, 5 ],
              [ 6, 1, 6 ],
              [ 7, 1, 7 ]
            ],
            [
              [ 8, 2, 8 ],
              [ 9, 2, 9 ],
              [ 10, 2, 10 ],
              [ 11, 2, 11 ]
            ],
            [
              [ 12, 3, 12 ],
              [ 13, 3, 13 ],
              [ 14, 3, 14 ],
              [ 15, 3, 15 ]
            ],
            [
              [ 16, 4, 16 ],
              [ 17, 4, 17 ],
              [ 18, 4, 18 ],
              [ 19, 4, 19 ]
            ],
            [
              [ 20, 5, 20 ],
              [ 21, 5, 21 ],
              [ 22, 5, 22 ],
              [ 23, 5, 23 ]
            ]
          ]
        }
      }
    ]
  },
  "geometry.tall_left_leg_clothing": {
    "bones": [
      {
        "name": "leftPants",
        "parent": "leftLeg",
        "pivot": [ 1.9, 12, 0 ],
        "rotation": [ 0, 0, 0 ],
        "poly_mesh": {
          "normalized_uvs": true,
          "positions": [
            [ -0.35, 12.25, -2.25 ],
            [ 4.15, 12.25, -2.25 ],
            [ 4.15, 12.25, 2.25 ],
            [ -0.35, 12.25, 2.25 ],
            [ -0.35, -0.25, 2.25 ],
            [ 4.15, -0.25, 2.25 ],
            [ 4.15, -0.25, -2.25 ],
            [ -0.35, -0.25, -2.25 ],
            [ -0.35, -0.25, 2.25 ],
            [ -0.35, -0.25, -2.25 ],
            [ -0.35, 12.25, -2.25 ],
            [ -0.35, 12.25, 2.25 ],
            [ 4.15, -0.25, -2.25 ],
            [ 4.15, -0.25, 2.25 ],
            [ 4.15, 12.25, 2.25 ],
            [ 4.15, 12.25, -2.25 ],
            [ -0.35, -0.25, -2.25 ],
            [ 4.15, -0.25, -2.25 ],
            [ 4.15, 12.25, -2.25 ],
            [ -0.35, 12.25, -2.25 ],
            [ 4.15, -0.25, 2.25 ],
            [ -0.35, -0.25, 2.25 ],
            [ -0.35, 12.25, 2.25 ],
            [ 4.15, 12.25, 2.25 ]
          ],
          "normals": [
            [ 0, 1, 0 ],
            [ 0, -1, 0 ],
            [ -1, 0, 0 ],
            [ 1, 0, 0 ],
            [ 0, 0, -1 ],
            [ 0, 0, 1 ]
          ],
          "uvs": [
            [ 0.40625, 0.71875 ],
            [ 0.4375, 0.71875 ],
            [ 0.4375, 0.75 ],
            [ 0.40625, 0.75 ],
            [ 0.46875, 0.75 ],
            [ 0.4375, 0.75 ],
            [ 0.4375, 0.71875 ],
            [ 0.46875, 0.71875 ],
            [ 0.375, 0.625 ],
            [ 0.40625, 0.625 ],
            [ 0.40625, 0.71875 ],
            [ 0.375, 0.71875 ],
            [ 0.4375, 0.625 ],
            [ 0.46875, 0.625 ],
            [ 0.46875, 0.71875 ],
            [ 0.4375, 0.71875 ],
            [ 0.40625, 0.625 ],
            [ 0.4375, 0.625 ],
            [ 0.4375, 0.71875 ],
            [ 0.40625, 0.71875 ],
            [ 0.46875, 0.625 ],
            [ 0.5, 0.625 ],
            [ 0.5, 0.71875 ],
            [ 0.46875, 0.71875 ]
          ],
          "average_normals": null,
          "polys": [
            [
              [ 0, 0, 0 ],
              [ 1, 0, 1 ],
              [ 2, 0, 2 ],
              [ 3, 0, 3 ]
            ],
            [
              [ 4, 1, 4 ],
              [ 5, 1, 5 ],
              [ 6, 1, 6 ],
              [ 7, 1, 7 ]
            ],
            [
              [ 8, 2, 8 ],
              [ 9, 2, 9 ],
              [ 10, 2, 10 ],
              [ 11, 2, 11 ]
            ],
            [
              [ 12, 3, 12 ],
              [ 13, 3, 13 ],
              [ 14, 3, 14 ],
              [ 15, 3, 15 ]
            ],
            [
              [ 16, 4, 16 ],
              [ 17, 4, 17 ],
              [ 18, 4, 18 ],
              [ 19, 4, 19 ]
            ],
            [
              [ 20, 5, 20 ],
              [ 21, 5, 21 ],
              [ 22, 5, 22 ],
              [ 23, 5, 23 ]
            ]
          ]
        }
      }
    ]
  },
  "geometry.tall_right_leg_clothing": {
    "bones": [
      {
        "name": "rightPants",
        "parent": "rightLeg",
        "pivot": [ -1.9, 12, 0 ],
        "rotation": [ 0, 0, 0 ],
        "poly_mesh": {
          "normalized_uvs": true,
          "positions": [
            [ -4.15, 12.25, -2.25 ],
            [ 0.3499999, 12.25, -2.25 ],
            [ 0.3499999, 12.25, 2.25 ],
            [ -4.15, 12.25, 2.25 ],
            [ -4.15, -0.25, 2.25 ],
            [ 0.3499999, -0.25, 2.25 ],
            [ 0.3499999, -0.25, -2.25 ],
            [ -4.15, -0.25, -2.25 ],
            [ -4.15, -0.25, 2.25 ],
            [ -4.15, -0.25, -2.25 ],
            [ -4.15, 12.25, -2.25 ],
            [ -4.15, 12.25, 2.25 ],
            [ 0.3499999, -0.25, -2.25 ],
            [ 0.3499999, -0.25, 2.25 ],
            [ 0.3499999, 12.25, 2.25 ],
            [ 0.3499999, 12.25, -2.25 ],
            [ -4.15, -0.25, -2.25 ],
            [ 0.3499999, -0.25, -2.25 ],
            [ 0.3499999, 12.25, -2.25 ],
            [ -4.15, 12.25, -2.25 ],
            [ 0.3499999, -0.25, 2.25 ],
            [ -4.15, -0.25, 2.25 ],
            [ -4.15, 12.25, 2.25 ],
            [ 0.3499999, 12.25, 2.25 ]
          ],
          "normals": [
            [ 0, 1, 0 ],
            [ 0, -1, 0 ],
            [ -1, 0, 0 ],
            [ 1, 0, 0 ],
            [ 0, 0, -1 ],
            [ 0, 0, 1 ]
          ],
          "uvs": [
            [ 0.03125, 0.71875 ],
            [ 0.0625, 0.71875 ],
            [ 0.0625, 0.75 ],
            [ 0.03125, 0.75 ],
            [ 0.09375, 0.75 ],
            [ 0.0625, 0.75 ],
            [ 0.0625, 0.71875 ],
            [ 0.09375, 0.71875 ],
            [ 0, 0.625 ],
            [ 0.03125, 0.625 ],
            [ 0.03125, 0.71875 ],
            [ 0, 0.71875 ],
            [ 0.0625, 0.625 ],
            [ 0.09375, 0.625 ],
            [ 0.09375, 0.71875 ],
            [ 0.0625, 0.71875 ],
            [ 0.03125, 0.625 ],
            [ 0.0625, 0.625 ],
            [ 0.0625, 0.71875 ],
            [ 0.03125, 0.71875 ],
            [ 0.09375, 0.625 ],
            [ 0.125, 0.625 ],
            [ 0.125, 0.71875 ],
            [ 0.09375, 0.71875 ]
          ],
          "average_normals": null,
          "polys": [
            [
              [ 0, 0, 0 ],
              [ 1, 0, 1 ],
              [ 2, 0, 2 ],
              [ 3, 0, 3 ]
            ],
            [
              [ 4, 1, 4 ],
              [ 5, 1, 5 ],
              [ 6, 1, 6 ],
              [ 7, 1, 7 ]
            ],
            [
              [ 8, 2, 8 ],
              [ 9, 2, 9 ],
              [ 10, 2, 10 ],
              [ 11, 2, 11 ]
            ],
            [
              [ 12, 3, 12 ],
              [ 13, 3, 13 ],
              [ 14, 3, 14 ],
              [ 15, 3, 15 ]
            ],
            [
              [ 16, 4, 16 ],
              [ 17, 4, 17 ],
              [ 18, 4, 18 ],
              [ 19, 4, 19 ]
            ],
            [
              [ 20, 5, 20 ],
              [ 21, 5, 21 ],
              [ 22, 5, 22 ],
              [ 23, 5, 23 ]
            ]
          ]
        }
      }
    ]
  },
  "geometry.tall_body_clothing": {
    "bones": [
      {
        "name": "jacket",
        "parent": "body",
        "pivot": [ 0, 25, 0 ],
        "rotation": [ 0, 0, 0 ],
        "poly_mesh": {
          "normalized_uvs": true,
          "positions": [
            [ -4.25, 25.25, -2.25 ],
            [ 4.25, 25.25, -2.25 ],
            [ 4.25, 25.25, 2.25 ],
            [ -4.25, 25.25, 2.25 ],
            [ -4.25, 11.75, 2.25 ],
            [ 4.25, 11.75, 2.25 ],
            [ 4.25, 11.75, -2.25 ],
            [ -4.25, 11.75, -2.25 ],
            [ -4.25, 11.75, 2.25 ],
            [ -4.25, 11.75, -2.25 ],
            [ -4.25, 25.25, -2.25 ],
            [ -4.25, 25.25, 2.25 ],
            [ 4.25, 11.75, -2.25 ],
            [ 4.25, 11.75, 2.25 ],
            [ 4.25, 25.25, 2.25 ],
            [ 4.25, 25.25, -2.25 ],
            [ -4.25, 11.75, -2.25 ],
            [ 4.25, 11.75, -2.25 ],
            [ 4.25, 25.25, -2.25 ],
            [ -4.25, 25.25, -2.25 ],
            [ 4.25, 11.75, 2.25 ],
            [ -4.25, 11.75, 2.25 ],
            [ -4.25, 25.25, 2.25 ],
            [ 4.25, 25.25, 2.25 ]
          ],
          "normals": [
            [ 0, 1, 0 ],
            [ 0, -1, 0 ],
            [ -1, 0, 0 ],
            [ 1, 0, 0 ],
            [ 0, 0, -1 ],
            [ 0, 0, 1 ]
          ],
          "uvs": [
            [ 0.71875, 0.8359375 ],
            [ 0.78125, 0.8359375 ],
            [ 0.78125, 0.8671875 ],
            [ 0.71875, 0.8671875 ],
            [ 0.84375, 0.8671875 ],
            [ 0.78125, 0.8671875 ],
            [ 0.78125, 0.8359375 ],
            [ 0.84375, 0.8359375 ],
            [ 0.6875, 0.734375 ],
            [ 0.71875, 0.734375 ],
            [ 0.71875, 0.8359375 ],
            [ 0.6875, 0.8359375 ],
            [ 0.78125, 0.734375 ],
            [ 0.8125, 0.734375 ],
            [ 0.8125, 0.8359375 ],
            [ 0.78125, 0.8359375 ],
            [ 0.71875, 0.734375 ],
            [ 0.78125, 0.734375 ],
            [ 0.78125, 0.8359375 ],
            [ 0.71875, 0.8359375 ],
            [ 0.8125, 0.734375 ],
            [ 0.875, 0.734375 ],
            [ 0.875, 0.8359375 ],
            [ 0.8125, 0.8359375 ]
          ],
          "average_normals": null,
          "polys": [
            [
              [ 0, 0, 0 ],
              [ 1, 0, 1 ],
              [ 2, 0, 2 ],
              [ 3, 0, 3 ]
            ],
            [
              [ 4, 1, 4 ],
              [ 5, 1, 5 ],
              [ 6, 1, 6 ],
              [ 7, 1, 7 ]
            ],
            [
              [ 8, 2, 8 ],
              [ 9, 2, 9 ],
              [ 10, 2, 10 ],
              [ 11, 2, 11 ]
            ],
            [
              [ 12, 3, 12 ],
              [ 13, 3, 13 ],
              [ 14, 3, 14 ],
              [ 15, 3, 15 ]
            ],
            [
              [ 16, 4, 16 ],
              [ 17, 4, 17 ],
              [ 18, 4, 18 ],
              [ 19, 4, 19 ]
            ],
            [
              [ 20, 5, 20 ],
              [ 21, 5, 21 ],
              [ 22, 5, 22 ],
              [ 23, 5, 23 ]
            ]
          ]
        }
      }
    ]
  },
  "geometry.tall_left_slim_arm": {
    "bones": [
      {
        "name": "leftArm",
        "parent": "body",
        "pivot": [ 5, 22.5, 0 ],
        "rotation": [ 0, 0, 0 ],
        "poly_mesh": {
          "normalized_uvs": true,
          "positions": [
            [ 4, 24.5, -2 ],
            [ 7, 24.5, -2 ],
            [ 7, 24.5, 2 ],
            [ 4, 24.5, 2 ],
            [ 4, 11.5, 2 ],
            [ 7, 11.5, 2 ],
            [ 7, 11.5, -2 ],
            [ 4, 11.5, -2 ],
            [ 4, 11.5, 2 ],
            [ 4, 11.5, -2 ],
            [ 4, 24.5, -2 ],
            [ 4, 24.5, 2 ],
            [ 7, 11.5, -2 ],
            [ 7, 11.5, 2 ],
            [ 7, 24.5, 2 ],
            [ 7, 24.5, -2 ],
            [ 4, 11.5, -2 ],
            [ 7, 11.5, -2 ],
            [ 7, 24.5, -2 ],
            [ 4, 24.5, -2 ],
            [ 7, 11.5, 2 ],
            [ 4, 11.5, 2 ],
            [ 4, 24.5, 2 ],
            [ 7, 24.5, 2 ]
          ],
          "normals": [
            [ 0, 1, 0 ],
            [ 0, -1, 0 ],
            [ -1, 0, 0 ],
            [ 1, 0, 0 ],
            [ 0, 0, -1 ],
            [ 0, 0, 1 ]
          ],
          "uvs": [
            [ 0.8125, 0.703125 ],
            [ 0.8359375, 0.703125 ],
            [ 0.8359375, 0.734375 ],
            [ 0.8125, 0.734375 ],
            [ 0.859375, 0.734375 ],
            [ 0.8359375, 0.734375 ],
            [ 0.8359375, 0.703125 ],
            [ 0.859375, 0.703125 ],
            [ 0.78125, 0.6015625 ],
            [ 0.8125, 0.6015625 ],
            [ 0.8125, 0.703125 ],
            [ 0.78125, 0.703125 ],
            [ 0.8359375, 0.6015625 ],
            [ 0.8671875, 0.6015625 ],
            [ 0.8671875, 0.703125 ],
            [ 0.8359375, 0.703125 ],
            [ 0.8125, 0.6015625 ],
            [ 0.8359375, 0.6015625 ],
            [ 0.8359375, 0.703125 ],
            [ 0.8125, 0.703125 ],
            [ 0.8671875, 0.6015625 ],
            [ 0.890625, 0.6015625 ],
            [ 0.890625, 0.703125 ],
            [ 0.8671875, 0.703125 ]
          ],
          "average_normals": null,
          "polys": [
            [
              [ 0, 0, 0 ],
              [ 1, 0, 1 ],
              [ 2, 0, 2 ],
              [ 3, 0, 3 ]
            ],
            [
              [ 4, 1, 4 ],
              [ 5, 1, 5 ],
              [ 6, 1, 6 ],
              [ 7, 1, 7 ]
            ],
            [
              [ 8, 2, 8 ],
              [ 9, 2, 9 ],
              [ 10, 2, 10 ],
              [ 11, 2, 11 ]
            ],
            [
              [ 12, 3, 12 ],
              [ 13, 3, 13 ],
              [ 14, 3, 14 ],
              [ 15, 3, 15 ]
            ],
            [
              [ 16, 4, 16 ],
              [ 17, 4, 17 ],
              [ 18, 4, 18 ],
              [ 19, 4, 19 ]
            ],
            [
              [ 20, 5, 20 ],
              [ 21, 5, 21 ],
              [ 22, 5, 22 ],
              [ 23, 5, 23 ]
            ]
          ]
        }
      }
    ]
  },
  "geometry.tall_right_slim_arm": {
    "bones": [
      {
        "name": "rightArm",
        "parent": "body",
        "pivot": [ -5, 22.5, 0 ],
        "rotation": [ 0, 0, 0 ],
        "poly_mesh": {
          "normalized_uvs": true,
          "positions": [
            [ -7, 24.5, -2 ],
            [ -4, 24.5, -2 ],
            [ -4, 24.5, 2 ],
            [ -7, 24.5, 2 ],
            [ -7, 11.5, 2 ],
            [ -4, 11.5, 2 ],
            [ -4, 11.5, -2 ],
            [ -7, 11.5, -2 ],
            [ -7, 11.5, 2 ],
            [ -7, 11.5, -2 ],
            [ -7, 24.5, -2 ],
            [ -7, 24.5, 2 ],
            [ -4, 11.5, -2 ],
            [ -4, 11.5, 2 ],
            [ -4, 24.5, 2 ],
            [ -4, 24.5, -2 ],
            [ -7, 11.5, -2 ],
            [ -4, 11.5, -2 ],
            [ -4, 24.5, -2 ],
            [ -7, 24.5, -2 ],
            [ -4, 11.5, 2 ],
            [ -7, 11.5, 2 ],
            [ -7, 24.5, 2 ],
            [ -4, 24.5, 2 ]
          ],
          "normals": [
            [ 0, 1, 0 ],
            [ 0, -1, 0 ],
            [ -1, 0, 0 ],
            [ 1, 0, 0 ],
            [ 0, 0, -1 ],
            [ 0, 0, 1 ]
          ],
          "uvs": [
            [ 0.703125, 0.703125 ],
            [ 0.7265625, 0.703125 ],
            [ 0.7265625, 0.734375 ],
            [ 0.703125, 0.734375 ],
            [ 0.75, 0.734375 ],
            [ 0.7265625, 0.734375 ],
            [ 0.7265625, 0.703125 ],
            [ 0.75, 0.703125 ],
            [ 0.671875, 0.6015625 ],
            [ 0.703125, 0.6015625 ],
            [ 0.703125, 0.703125 ],
            [ 0.671875, 0.703125 ],
            [ 0.7265625, 0.6015625 ],
            [ 0.7578125, 0.6015625 ],
            [ 0.7578125, 0.703125 ],
            [ 0.7265625, 0.703125 ],
            [ 0.703125, 0.6015625 ],
            [ 0.7265625, 0.6015625 ],
            [ 0.7265625, 0.703125 ],
            [ 0.703125, 0.703125 ],
            [ 0.7578125, 0.6015625 ],
            [ 0.78125, 0.6015625 ],
            [ 0.78125, 0.703125 ],
            [ 0.7578125, 0.703125 ]
          ],
          "average_normals": null,
          "polys": [
            [
              [ 0, 0, 0 ],
              [ 1, 0, 1 ],
              [ 2, 0, 2 ],
              [ 3, 0, 3 ]
            ],
            [
              [ 4, 1, 4 ],
              [ 5, 1, 5 ],
              [ 6, 1, 6 ],
              [ 7, 1, 7 ]
            ],
            [
              [ 8, 2, 8 ],
              [ 9, 2, 9 ],
              [ 10, 2, 10 ],
              [ 11, 2, 11 ]
            ],
            [
              [ 12, 3, 12 ],
              [ 13, 3, 13 ],
              [ 14, 3, 14 ],
              [ 15, 3, 15 ]
            ],
            [
              [ 16, 4, 16 ],
              [ 17, 4, 17 ],
              [ 18, 4, 18 ],
              [ 19, 4, 19 ]
            ],
            [
              [ 20, 5, 20 ],
              [ 21, 5, 21 ],
              [ 22, 5, 22 ],
              [ 23, 5, 23 ]
            ]
          ]
        }
      }
    ]
  },
  "geometry.tall_left_slim_clothing_arm": {
    "bones": [
      {
        "name": "leftSleeve",
        "parent": "leftArm",
        "pivot": [ 5, 22.5, 0 ],
        "rotation": [ 0, 0, 0 ],
        "poly_mesh": {
          "normalized_uvs": true,
          "positions": [
            [ 3.75, 24.75, -2.25 ],
            [ 7.25, 24.75, -2.25 ],
            [ 7.25, 24.75, 2.25 ],
            [ 3.75, 24.75, 2.25 ],
            [ 3.75, 11.25, 2.25 ],
            [ 7.25, 11.25, 2.25 ],
            [ 7.25, 11.25, -2.25 ],
            [ 3.75, 11.25, -2.25 ],
            [ 3.75, 11.25, 2.25 ],
            [ 3.75, 11.25, -2.25 ],
            [ 3.75, 24.75, -2.25 ],
            [ 3.75, 24.75, 2.25 ],
            [ 7.25, 11.25, -2.25 ],
            [ 7.25, 11.25, 2.25 ],
            [ 7.25, 24.75, 2.25 ],
            [ 7.25, 24.75, -2.25 ],
            [ 3.75, 11.25, -2.25 ],
            [ 7.25, 11.25, -2.25 ],
            [ 7.25, 24.75, -2.25 ],
            [ 3.75, 24.75, -2.25 ],
            [ 7.25, 11.25, 2.25 ],
            [ 3.75, 11.25, 2.25 ],
            [ 3.75, 24.75, 2.25 ],
            [ 7.25, 24.75, 2.25 ]
          ],
          "normals": [
            [ 0, 1, 0 ],
            [ 0, -1, 0 ],
            [ -1, 0, 0 ],
            [ 1, 0, 0 ],
            [ 0, 0, -1 ],
            [ 0, 0, 1 ]
          ],
          "uvs": [
            [ 0.921875, 0.703125 ],
            [ 0.9453125, 0.703125 ],
            [ 0.9453125, 0.734375 ],
            [ 0.921875, 0.734375 ],
            [ 0.96875, 0.734375 ],
            [ 0.9453125, 0.734375 ],
            [ 0.9453125, 0.703125 ],
            [ 0.96875, 0.703125 ],
            [ 0.890625, 0.6015625 ],
            [ 0.921875, 0.6015625 ],
            [ 0.921875, 0.703125 ],
            [ 0.890625, 0.703125 ],
            [ 0.9453125, 0.6015625 ],
            [ 0.9765625, 0.6015625 ],
            [ 0.9765625, 0.703125 ],
            [ 0.9453125, 0.703125 ],
            [ 0.921875, 0.6015625 ],
            [ 0.9453125, 0.6015625 ],
            [ 0.9453125, 0.703125 ],
            [ 0.921875, 0.703125 ],
            [ 0.9765625, 0.6015625 ],
            [ 1, 0.6015625 ],
            [ 1, 0.703125 ],
            [ 0.9765625, 0.703125 ]
          ],
          "average_normals": null,
          "polys": [
            [
              [ 0, 0, 0 ],
              [ 1, 0, 1 ],
              [ 2, 0, 2 ],
              [ 3, 0, 3 ]
            ],
            [
              [ 4, 1, 4 ],
              [ 5, 1, 5 ],
              [ 6, 1, 6 ],
              [ 7, 1, 7 ]
            ],
            [
              [ 8, 2, 8 ],
              [ 9, 2, 9 ],
              [ 10, 2, 10 ],
              [ 11, 2, 11 ]
            ],
            [
              [ 12, 3, 12 ],
              [ 13, 3, 13 ],
              [ 14, 3, 14 ],
              [ 15, 3, 15 ]
            ],
            [
              [ 16, 4, 16 ],
              [ 17, 4, 17 ],
              [ 18, 4, 18 ],
              [ 19, 4, 19 ]
            ],
            [
              [ 20, 5, 20 ],
              [ 21, 5, 21 ],
              [ 22, 5, 22 ],
              [ 23, 5, 23 ]
            ]
          ]
        }
      }
    ]
  },
  "geometry.tall_right_slim_clothing_arm": {
    "bones": [
      {
        "name": "rightSleeve",
        "parent": "rightArm",
        "pivot": [ -5, 22.5, 0 ],
        "rotation": [ 0, 0, 0 ],
        "poly_mesh": {
          "normalized_uvs": true,
          "positions": [
            [ -7.25, 24.75, -2.25 ],
            [ -3.75, 24.75, -2.25 ],
            [ -3.75, 24.75, 2.25 ],
            [ -7.25, 24.75, 2.25 ],
            [ -7.25, 11.25, 2.25 ],
            [ -3.75, 11.25, 2.25 ],
            [ -3.75, 11.25, -2.25 ],
            [ -7.25, 11.25, -2.25 ],
            [ -7.25, 11.25, 2.25 ],
            [ -7.25, 11.25, -2.25 ],
            [ -7.25, 24.75, -2.25 ],
            [ -7.25, 24.75, 2.25 ],
            [ -3.75, 11.25, -2.25 ],
            [ -3.75, 11.25, 2.25 ],
            [ -3.75, 24.75, 2.25 ],
            [ -3.75, 24.75, -2.25 ],
            [ -7.25, 11.25, -2.25 ],
            [ -3.75, 11.25, -2.25 ],
            [ -3.75, 24.75, -2.25 ],
            [ -7.25, 24.75, -2.25 ],
            [ -3.75, 11.25, 2.25 ],
            [ -7.25, 11.25, 2.25 ],
            [ -7.25, 24.75, 2.25 ],
            [ -3.75, 24.75, 2.25 ]
          ],
          "normals": [
            [ 0, 1, 0 ],
            [ 0, -1, 0 ],
            [ -1, 0, 0 ],
            [ 1, 0, 0 ],
            [ 0, 0, -1 ],
            [ 0, 0, 1 ]
          ],
          "uvs": [
            [ 0.59375, 0.703125 ],
            [ 0.6171875, 0.703125 ],
            [ 0.6171875, 0.734375 ],
            [ 0.59375, 0.734375 ],
            [ 0.640625, 0.734375 ],
            [ 0.6171875, 0.734375 ],
            [ 0.6171875, 0.703125 ],
            [ 0.640625, 0.703125 ],
            [ 0.5625, 0.6015625 ],
            [ 0.59375, 0.6015625 ],
            [ 0.59375, 0.703125 ],
            [ 0.5625, 0.703125 ],
            [ 0.6171875, 0.6015625 ],
            [ 0.6484375, 0.6015625 ],
            [ 0.6484375, 0.703125 ],
            [ 0.6171875, 0.703125 ],
            [ 0.59375, 0.6015625 ],
            [ 0.6171875, 0.6015625 ],
            [ 0.6171875, 0.703125 ],
            [ 0.59375, 0.703125 ],
            [ 0.6484375, 0.6015625 ],
            [ 0.671875, 0.6015625 ],
            [ 0.671875, 0.703125 ],
            [ 0.6484375, 0.703125 ]
          ],
          "average_normals": null,
          "polys": [
            [
              [ 0, 0, 0 ],
              [ 1, 0, 1 ],
              [ 2, 0, 2 ],
              [ 3, 0, 3 ]
            ],
            [
              [ 4, 1, 4 ],
              [ 5, 1, 5 ],
              [ 6, 1, 6 ],
              [ 7, 1, 7 ]
            ],
            [
              [ 8, 2, 8 ],
              [ 9, 2, 9 ],
              [ 10, 2, 10 ],
              [ 11, 2, 11 ]
            ],
            [
              [ 12, 3, 12 ],
              [ 13, 3, 13 ],
              [ 14, 3, 14 ],
              [ 15, 3, 15 ]
            ],
            [
              [ 16, 4, 16 ],
              [ 17, 4, 17 ],
              [ 18, 4, 18 ],
              [ 19, 4, 19 ]
            ],
            [
              [ 20, 5, 20 ],
              [ 21, 5, 21 ],
              [ 22, 5, 22 ],
              [ 23, 5, 23 ]
            ]
          ]
        }
      }
    ]
  }
}