{
  "format_version": "1.20.60",
  "minecraft:biome": {
    "description": {
      "identifier": "flower_forest"
    },
    "components": {
      "minecraft:climate": {
        "downfall": 0.80,
        "snow_accumulation": [ 0.0, 0.125 ],
        "temperature": 0.7
      },
      "minecraft:overworld_height": {
        "noise_params": [ 0.1, 0.4 ]
      },
      "minecraft:surface_parameters": {
        "sea_floor_depth": 7,
        "sea_floor_material": "minecraft:gravel",
        "foundation_material": "minecraft:stone",
        "mid_material": "minecraft:dirt",
        "top_material": "minecraft:grass_block",
        "sea_material": "minecraft:water"
      },

      "minecraft:tags": {
        "tags": [
          "flower_forest",
          "monster",
          "mutated",
          "overworld",
          "bee_habitat"
        ]
      }
    }
  }
}
