{
  "format_version": "1.20.60",
  "minecraft:biome": {
    "description": {
      "identifier": "plains"
    },
    "components": {
      "minecraft:climate": {
        "downfall": 0.4,
        "snow_accumulation": [ 0.0, 0.125 ],
        "temperature": 0.8
      },
      "minecraft:multinoise_generation_rules": {
        "target_temperature": 0.0,
        "target_humidity": 0.0,
        "target_altitude": 0.0,
        "target_weirdness": 0.0,
        "weight": 0.4
      },
      "minecraft:overworld_height": {
        "noise_type": "lowlands"
      },
      "minecraft:surface_parameters": {
        "sea_floor_depth": 7,
        "sea_floor_material": "minecraft:gravel",
        "foundation_material": "minecraft:stone",
        "mid_material": "minecraft:dirt",
        "top_material": "minecraft:grass_block",
        "sea_material": "minecraft:water"
      },
      "minecraft:overworld_generation_rules": {
        "hills_transformation": [
          [ "forest_hills", 1 ],
          [ "forest", 2 ]
        ],
        "mutate_transformation": "sunflower_plains",
        "generate_for_climates": [
          [ "medium", 3 ],
          [ "warm", 1 ],
          [ "cold", 1 ]
        ]
      },
      "minecraft:tags": {
        "tags": [
          "animal",
          "monster",
          "overworld",
          "plains",
          "bee_habitat"
        ]
      }
    }
  }
}
