{
  "format_version": "1.20.60",
  "minecraft:biome": {
    "description": {
      "identifier": "redwood_taiga_hills_mutated"
    },
    "components": {
      "minecraft:climate": {
        "downfall": 0.8,
        "snow_accumulation": [ 0.0, 0.125 ],
        "temperature": 0.3
      },
      "minecraft:overworld_height": {
        "noise_params": [ 0.55, 0.5 ]
      },
      "minecraft:surface_parameters": {
        "sea_floor_depth": 7,
        "sea_floor_material": "minecraft:gravel",
        "foundation_material": "minecraft:stone",
        "mid_material": "minecraft:dirt",
        "top_material": "minecraft:grass_block",
        "sea_material": "minecraft:water"
      },
      "minecraft:surface_material_adjustments": {
        "adjustments": [
          {
            "materials": {
              "top_material": {
                "name": "minecraft:dirt",
                "states": {
                  "dirt_type": "coarse"
                }
              }
            },
            "noise_frequency_scale": 0.0625,
            "noise_range": [ 0.212, 1.0 ]
          },
          {
            "materials": {
              "top_material": "minecraft:podzol"
            },
            "noise_frequency_scale": 0.0625,
            "noise_range": [ -0.115, 0.212 ]
          }
        ]
      },

      "minecraft:tags": {
        "tags": [
          "animal",
          "forest",
          "hills",
          "mega",
          "monster",
          "mutated",
          "taiga",
          // "overworld" tag cannot be present in order to match legacy behavior, but is
          // required for correct world generation -- hence: overworld_generation
          "overworld_generation"
        ]
      }
    }
  }
}
