{
  "format_version": "1.20.60",
  "minecraft:biome": {
    "description": {
      "identifier": "snowy_slopes"
    },
    "components": {
      "minecraft:climate": {
        "downfall": 0.9,
        "snow_accumulation": [ 0.125, 0.5 ],
        "temperature": -0.3
      },
      "minecraft:mountain_parameters": {
        "steep_material_adjustment": {
          "material": "minecraft:stone",
          "north_slopes": true,
          "east_slopes": true
        },
        "top_slide": {
          "enabled": false
        }
      },
      "minecraft:surface_parameters": {
        "sea_floor_depth": 7,
        "sea_floor_material": "minecraft:gravel",
        "foundation_material": "minecraft:stone",
        "mid_material": "minecraft:snow",
        "top_material": "minecraft:snow",
        "sea_material": "minecraft:ice"
      },
      "minecraft:surface_material_adjustments": {
        "adjustments": [
          {
            "materials": {
              "top_material": "minecraft:powder_snow"
            },
            "noise_frequency_scale": 0.1,
            "noise_range": [ 0.35, 0.6 ]
          },
          {
            "materials": {
              "mid_material": "minecraft:powder_snow"
            },
            "noise_frequency_scale": 0.1,
            "noise_range": [ 0.45, 0.58 ]
          }
        ]
      },
      "minecraft:tags": {
        "tags": [
          "frozen",
          "mountains",
          "monster",
          "overworld",
          "snowy_slopes"
        ]
      }
    }
  }
}
