{
  "format_version": "1.20.60",
  "minecraft:biome": {
    "description": {
      "identifier": "swampland"
    },
    "components": {
      "minecraft:climate": {
        "downfall": 0.5,
        "snow_accumulation": [ 0.0, 0.125 ],
        "temperature": 0.8
      },
      "minecraft:overworld_height": {
        "noise_type": "swamp"
      },
      "minecraft:swamp_surface": {
        "sea_floor_depth": 7,
        "sea_floor_material": "minecraft:gravel",
        "foundation_material": "minecraft:stone",
        "mid_material": "minecraft:dirt",
        "top_material": "minecraft:grass_block",
        "sea_material": "minecraft:water"
      },
      "minecraft:overworld_generation_rules": {
        "mutate_transformation": "swampland_mutated",
        "generate_for_climates": [
          [ "medium", 1 ]
        ]
      },

      "minecraft:tags": {
        "tags": [
          "animal",
          "monster",
          "overworld",
          "swamp"
        ]
      }
    }
  }
}
