{
  "piece_id": "7b75b1d1-1ff6-4ca7-a8d8-49e5f3b3ff97",
  "piece_name": "tall",
  "piece_type": "persona_body",
  "clothing_map": "clothing_map.tga",
  "body_variant": "tall",
  "face_clothing_map": "face_clothing_map.tga",
  "geometry_sources":[
    {
      "zone": "body",
      "arm_size": "",
      "geometry": "geometry.tall_body"
    },
    {
      "zone": "body_clothing",
      "arm_size": "",
      "geometry": "geometry.tall_body_clothing"
    },
    {
      "zone": "head",
      "arm_size": "",
      "geometry": "geometry.tall_head",
      "is_face": "true"
    },
    {
      "zone": "head_clothing",
      "arm_size": "",
      "geometry": "geometry.tall_head_clothing",
      "is_face": "true"
    },
    {
      "zone": "left_arm",
      "arm_size": "wide",
      "geometry": "geometry.tall_left_wide_arm"
    },
    {
      "zone": "left_arm_clothing",
      "arm_size": "wide",
      "geometry": "geometry.tall_left_wide_clothing_arm"
    },
    {
      "zone": "right_arm",
      "arm_size": "wide",
      "geometry": "geometry.tall_right_wide_arm"
    },
    {
      "zone": "right_arm_clothing",
      "arm_size": "wide",
      "geometry": "geometry.tall_right_wide_clothing_arm"
    },
    {
      "zone": "left_arm",
      "arm_size": "slim",
      "geometry": "geometry.tall_left_slim_arm"
    },
    {
      "zone": "left_arm_clothing",
      "arm_size": "slim",
      "geometry": "geometry.tall_left_slim_clothing_arm"
    },
    {
      "zone": "right_arm",
      "arm_size": "slim",
      "geometry": "geometry.tall_right_slim_arm"
    },
    {
      "zone": "right_arm_clothing",
      "arm_size": "slim",
      "geometry": "geometry.tall_right_slim_clothing_arm"
    },
    {
      "zone": "left_leg",
      "arm_size": "",
      "geometry": "geometry.tall_left_leg"
    },
    {
      "zone": "right_leg",
      "arm_size": "",
      "geometry": "geometry.tall_right_leg"
    },
    {
      "zone": "left_leg_clothing",
      "arm_size": "",
      "geometry": "geometry.tall_left_leg_clothing"
    },
    {
      "zone": "right_leg_clothing",
      "arm_size": "",
      "geometry": "geometry.tall_right_leg_clothing"
    }
  ]
}