{
    "content": [
        {
            "path": "manifest.json"
        },
        {
            "path": "recipes/reducer_chiseled_quartz_block.json"
        },
        {
            "path": "recipes/reducer_dirt.json"
        },
        {
            "path": "recipes/reducer_quartz_block.json"
        },
        {
            "path": "recipes/reducer_quartz_pillar.json"
        },
        {
            "path": "recipes/reducer_sandstone_block.json"
        },
        {
            "path": "recipes/reducer_sandstone_block_chiseled.json"
        },
        {
            "path": "recipes/reducer_sandstone_block_chiseled_red.json"
        },
        {
            "path": "recipes/reducer_sandstone_block_cut.json"
        },
        {
            "path": "recipes/reducer_sandstone_block_cut_red.json"
        },
        {
            "path": "recipes/reducer_sandstone_block_red.json"
        },
        {
            "path": "recipes/reducer_sandstone_block_smooth.json"
        },
        {
            "path": "recipes/reducer_sandstone_block_smooth_red.json"
        },
        {
            "path": "recipes/reducer_sand_block.json"
        },
        {
            "path": "recipes/reducer_sand_block_red.json"
        },
        {
            "path": "recipes/reducer_smooth_quartz.json"
        }
    ]
}
