{
  "android": {
    "presets": [
      {
        "name": "Performance",
        "lods": {
          "shadows": "low",
          "point_light_shadows": "low",
          "volumetric_fog": "low",
          "bloom": false,
          "point_light_lodding": "low",
          "reflections": "low"
        }
      },
      {
        "name": "Quality",
        "lods": {
          "shadows": "ultra",
          "point_light_shadows": "ultra",
          "volumetric_fog": "ultra",
          "bloom": true,
          "point_light_lodding": "ultra",
          "reflections": "ultra"
        }
      }
    ],
    "shadow_config": {
      "file": "shadow_configs/shadow_configuration.android.json"
    },
    "point_light_shadow_config": {
      "file": "point_light_shadow_configs/point_light_shadow_configuration.android.json"
    },
    "volumetric_fog_config": {
      "file": "volumetric_fog_configs/volumetric_fog_configuration.android.json"
    },
    "bloom_config": {
      "file": "bloom_configs/bloom_configuration.json"
    },
    "point_light_loding_config": {
      "file": "point_light_configs/point_light_configuration.android.json"
    },
    "reflection_config": {
      "file": "reflection_configs/reflection_configuration.android.json"
    },
    "resolution_config": {
      "file":  "resolution_configs/resolution_configuration.json"
    }
  },
  "chrome_os": {
    "presets": [
      {
        "name": "Performance",
        "lods": {
          "shadows": "low",
          "point_light_shadows": "low",
          "volumetric_fog": "low",
          "bloom": false,
          "point_light_lodding": "low",
          "reflections": "low"
        }
      },
      {
        "name": "Quality",
        "lods": {
          "shadows": "ultra",
          "point_light_shadows": "ultra",
          "volumetric_fog": "ultra",
          "bloom": true,
          "point_light_lodding": "ultra",
          "reflections": "ultra"
        }
      }
    ],
    "shadow_config": {
      "file": "shadow_configs/shadow_configuration.json"
    },
    "point_light_shadow_config": {
      "file": "point_light_shadow_configs/point_light_shadow_configuration.json"
    },
    "volumetric_fog_config": {
      "file": "volumetric_fog_configs/volumetric_fog_configuration.json"
    },
    "bloom_config": {
      "file": "bloom_configs/bloom_configuration.json"
    },
    "point_light_loding_config": {
      "file": "point_light_configs/point_light_configuration.json"
    },
    "reflection_config": {
      "file": "reflection_configs/reflection_configuration.json"
    },
    "resolution_config": {
      "file":  "resolution_configs/resolution_configuration.json"
    }
  },
  "switch": {
    "presets": [
      {
        "name": "Performance",
        "lods": {
          "shadows": "low",
          "point_light_shadows": "low",
          "volumetric_fog": "low",
          "bloom": false,
          "point_light_lodding": "low",
          "reflections": "low"
        }
      },
      {
        "name": "Quality",
        "lods": {
          "shadows": "ultra",
          "point_light_shadows": "ultra",
          "volumetric_fog": "ultra",
          "bloom": true,
          "point_light_lodding": "ultra",
          "reflections": "ultra"
        }
      }
    ],
    "shadow_config": {
      "file": "shadow_configs/shadow_configuration.json"
    },
    "point_light_shadow_config": {
      "file": "point_light_shadow_configs/point_light_shadow_configuration.json"
    },
    "volumetric_fog_config": {
      "file": "volumetric_fog_configs/volumetric_fog_configuration.json"
    },
    "bloom_config": {
      "file": "bloom_configs/bloom_configuration.json"
    },
    "point_light_loding_config": {
      "file": "point_light_configs/point_light_configuration.json"
    },
    "reflection_config": {
      "file": "reflection_configs/reflection_configuration.json"
    },
    "resolution_config": {
      "file":  "resolution_configs/resolution_configuration.json"
    }
  },
  "xbox_one": {
    "presets": [
      {
        "name": "Performance",
        "lods": {
          "shadows": "low",
          "point_light_shadows": "low",
          "volumetric_fog": "low",
          "bloom": false,
          "point_light_lodding": "low",
          "reflections": "low"
        }
      },
      {
        "name": "Quality",
        "lods": {
          "shadows": "ultra",
          "point_light_shadows": "ultra",
          "volumetric_fog": "ultra",
          "bloom": true,
          "point_light_lodding": "ultra",
          "reflections": "ultra"
        }
      }
    ],
    "shadow_config": {
      "file": "shadow_configs/shadow_configuration.xbox_one.json"
    },
    "point_light_shadow_config": {
      "file": "point_light_shadow_configs/point_light_shadow_configuration.xbox_one.json"
    },
    "volumetric_fog_config": {
      "file": "volumetric_fog_configs/volumetric_fog_configuration.xbox_one.json"
    },
    "bloom_config": {
      "file": "bloom_configs/bloom_configuration.json"
    },
    "point_light_loding_config": {
      "file": "point_light_configs/point_light_configuration.xbox_one.json"
    },
    "reflection_config": {
      "file": "reflection_configs/reflection_configuration.xbox_one.json"
    },
    "resolution_config": {
      "file":  "resolution_configs/resolution_configuration.json"
    }
  },
  "xbox_one_s": {
    "presets": [
      {
        "name": "Performance",
        "lods": {
          "shadows": "low",
          "point_light_shadows": "low",
          "volumetric_fog": "low",
          "bloom": true,
          "point_light_lodding": "low",
          "reflections": "low"
        }
      },
      {
        "name": "Quality",
        "lods": {
          "shadows": "ultra",
          "point_light_shadows": "ultra",
          "volumetric_fog": "ultra",
          "bloom": true,
          "point_light_lodding": "ultra",
          "reflections": "ultra"
        }
      }
    ],
    "shadow_config": {
      "file": "shadow_configs/shadow_configuration.xbox_one_s.json"
    },
    "point_light_shadow_config": {
      "file": "point_light_shadow_configs/point_light_shadow_configuration.xbox_one_s.json"
    },
    "volumetric_fog_config": {
      "file": "volumetric_fog_configs/volumetric_fog_configuration.xbox_one_s.json"
    },
    "bloom_config": {
      "file": "bloom_configs/bloom_configuration.json"
    },
    "point_light_loding_config": {
      "file": "point_light_configs/point_light_configuration.xbox_one_s.json"
    },
    "reflection_config": {
      "file": "reflection_configs/reflection_configuration.xbox_one_s.json"
    },
    "resolution_config": {
      "file":  "resolution_configs/resolution_configuration.json"
    }
  },
  "xbox_one_x": {
    "presets": [
      {
        "name": "Performance",
        "lods": {
          "shadows": "low",
          "point_light_shadows": "low",
          "volumetric_fog": "low",
          "bloom": true,
          "point_light_lodding": "low",
          "reflections": "low"
        }
      },
      {
        "name": "Quality",
        "lods": {
          "shadows": "ultra",
          "point_light_shadows": "ultra",
          "volumetric_fog": "ultra",
          "bloom": true,
          "point_light_lodding": "ultra",
          "reflections": "ultra"
        }
      }
    ],
    "shadow_config": {
      "file": "shadow_configs/shadow_configuration.xbox_one_x.json"
    },
    "point_light_shadow_config": {
      "file": "point_light_shadow_configs/point_light_shadow_configuration.xbox_one_x.json"
    },
    "volumetric_fog_config": {
      "file": "volumetric_fog_configs/volumetric_fog_configuration.xbox_one_x.json"
    },
    "bloom_config": {
      "file": "bloom_configs/bloom_configuration.json"
    },
    "point_light_loding_config": {
      "file": "point_light_configs/point_light_configuration.xbox_one_x.json"
    },
    "reflection_config": {
      "file": "reflection_configs/reflection_configuration.xbox_one_x.json"
    },
    "resolution_config": {
      "file":  "resolution_configs/resolution_configuration.json"
    }
  },
  "ps4": {
    "presets": [
      {
        "name": "Performance",
        "lods": {
          "shadows": "low",
          "point_light_shadows": "low",
          "volumetric_fog": "low",
          "bloom": true,
          "point_light_lodding": "low",
          "reflections": "low"
        }
      },
      {
        "name": "Quality",
        "lods": {
          "shadows": "ultra",
          "point_light_shadows": "ultra",
          "volumetric_fog": "ultra",
          "bloom": true,
          "point_light_lodding": "ultra",
          "reflections": "ultra"
        }
      }
    ],
    "shadow_config": {
      "file": "shadow_configs/shadow_configuration.json"
    },
    "point_light_shadow_config": {
      "file": "point_light_shadow_configs/point_light_shadow_configuration.json"
    },
    "volumetric_fog_config": {
      "file": "volumetric_fog_configs/volumetric_fog_configuration.json"
    },
    "bloom_config": {
      "file": "bloom_configs/bloom_configuration.json"
    },
    "point_light_loding_config": {
      "file": "point_light_configs/point_light_configuration.json"
    },
    "reflection_config": {
      "file": "reflection_configs/reflection_configuration.json"
    },
    "resolution_config": {
      "file":  "resolution_configs/resolution_configuration.json"
    }
  },
  "ios": {
    "presets": [
      {
        "name": "Performance",
        "lods": {
          "shadows": "low",
          "point_light_shadows": "low",
          "volumetric_fog": "low",
          "bloom": false,
          "point_light_lodding": "low",
          "reflections": "low"
        }
      },
      {
        "name": "Quality",
        "lods": {
          "shadows": "ultra",
          "point_light_shadows": "ultra",
          "volumetric_fog": "ultra",
          "bloom": true,
          "point_light_lodding": "ultra",
          "reflections": "ultra"
        }
      }
    ],
    "shadow_config": {
      "file": "shadow_configs/shadow_configuration.ios.json"
    },
    "point_light_shadow_config": {
      "file": "point_light_shadow_configs/point_light_shadow_configuration.ios.json"
    },
    "volumetric_fog_config": {
      "file": "volumetric_fog_configs/volumetric_fog_configuration.ios.json"
    },
    "bloom_config": {
      "file": "bloom_configs/bloom_configuration.json"
    },
    "point_light_loding_config": {
      "file": "point_light_configs/point_light_configuration.ios.json"
    },
    "reflection_config": {
      "file": "reflection_configs/reflection_configuration.ios.json"
    },
    "resolution_config": {
      "file":  "resolution_configs/resolution_configuration.json"
    }
  },
  "xbox_series_s": {
    "presets": [
      {
        "name": "Performance",
        "lods": {
          "shadows": "low",
          "point_light_shadows": "low",
          "volumetric_fog": "low",
          "bloom": true,
          "point_light_lodding": "low",
          "reflections": "low"
        }
      },
      {
        "name": "Quality",
        "lods": {
          "shadows": "ultra",
          "point_light_shadows": "ultra",
          "volumetric_fog": "ultra",
          "bloom": true,
          "point_light_lodding": "ultra",
          "reflections": "ultra"
        }
      }
    ],
    "shadow_config": {
      "file": "shadow_configs/shadow_configuration.xbox_series_s.json"
    },
    "point_light_shadow_config": {
      "file": "point_light_shadow_configs/point_light_shadow_configuration.xbox_series_s.json"
    },
    "volumetric_fog_config": {
      "file": "volumetric_fog_configs/volumetric_fog_configuration.xbox_series_s.json"
    },
    "bloom_config": {
      "file": "bloom_configs/bloom_configuration.xbox_series_s.json"
    },
    "point_light_loding_config": {
      "file": "point_light_configs/point_light_configuration.xbox_series_s.json"
    },
    "reflection_config": {
      "file": "reflection_configs/reflection_configuration.xbox_series_s.json"
    },
    "resolution_config": {
      "file":  "resolution_configs/resolution_configuration.json"
    }
  },
  "xbox_series_x": {
    "presets": [
      {
        "name": "Performance",
        "lods": {
          "shadows": "low",
          "point_light_shadows": "low",
          "volumetric_fog": "low",
          "bloom": true,
          "point_light_lodding": "low",
          "reflections": "low"
        }
      },
      {
        "name": "Quality",
        "lods": {
          "shadows": "ultra",
          "point_light_shadows": "ultra",
          "volumetric_fog": "ultra",
          "bloom": true,
          "point_light_lodding": "ultra",
          "reflections": "ultra"
        }
      }
    ],
    "shadow_config": {
      "file": "shadow_configs/shadow_configuration.xbox_series_x.json"
    },
    "point_light_shadow_config": {
      "file": "point_light_shadow_configs/point_light_shadow_configuration.xbox_series_x.json"
    },
    "volumetric_fog_config": {
      "file": "volumetric_fog_configs/volumetric_fog_configuration.xbox_series_x.json"
    },
    "bloom_config": {
      "file": "bloom_configs/bloom_configuration.xbox_series_x.json"
    },
    "point_light_loding_config": {
      "file": "point_light_configs/point_light_configuration.xbox_series_x.json"
    },
    "reflection_config": {
      "file": "reflection_configs/reflection_configuration.xbox_series_x.json"
    },
    "resolution_config": {
      "file":  "resolution_configs/resolution_configuration.json"
    }
  },
  "pc": {
    "presets": [
      {
        "name": "Performance",
        "lods": {
          "shadows": "low",
          "point_light_shadows": "low",
          "volumetric_fog": "low",
          "bloom": true,
          "point_light_lodding": "low",
          "reflections": "low"
        }
      },
      {
        "name": "Quality",
        "lods": {
          "shadows": "ultra",
          "point_light_shadows": "ultra",
          "volumetric_fog": "ultra",
          "bloom": true,
          "point_light_lodding": "ultra",
          "reflections": "ultra"
        }
      }
    ],
    "shadow_config": {
      "file": "shadow_configs/shadow_configuration.pc.json"
    },
    "point_light_shadow_config": {
      "file": "point_light_shadow_configs/point_light_shadow_configuration.pc.json"
    },
    "volumetric_fog_config": {
      "file": "volumetric_fog_configs/volumetric_fog_configuration.pc.json"
    },
    "bloom_config": {
      "file": "bloom_configs/bloom_configuration.pc.json"
    },
    "point_light_loding_config": {
      "file": "point_light_configs/point_light_configuration.pc.json"
    },
    "reflection_config": {
      "file": "reflection_configs/reflection_configuration.pc.json"
    },
    "resolution_config": {
      "file":  "resolution_configs/resolution_configuration.json"
    }
  }
}
