{
  "low": {
    "bias": 0.075,
    "slope_bias": 0.003,
    "far_plane": 15.0,
    "near_plane": 0.1,
    "max_point_light_shadows": 4,
    "resolution": 32
  },
  "medium": {
    "bias": 0.075,
    "slope_bias": 0.003,
    "far_plane": 15.0,
    "near_plane": 0.1,
    "max_point_light_shadows": 8,
    "resolution": 32
  },
  "high": {
    "bias": 0.075,
    "slope_bias": 0.003,
    "far_plane": 15.0,
    "near_plane": 0.1,
    "max_point_light_shadows": 8,
    "resolution": 64
  },
  "ultra": {
    "bias": 0.075,
    "slope_bias": 0.003,
    "far_plane": 15.0,
    "near_plane": 0.1,
    "max_point_light_shadows": 8,
    "resolution": 128
  }
}
