{
  "piece_id": "98ec3d94-064e-493f-b251-04761563c5a8",
  "piece_name": "small",
  "piece_type": "persona_body",
  "clothing_map": "clothing_map.tga",
  "body_variant": "small",
  "face_clothing_map": "face_clothing_map.tga",
  "geometry_sources": [
    {
      "zone": "body",
      "arm_size": "",
      "geometry": "geometry.small_body"
    },
    {
      "zone": "body_clothing",
      "arm_size": "",
      "geometry": "geometry.small_body_clothing"
    },
    {
      "zone": "head",
      "arm_size": "",
      "geometry": "geometry.small_head",
      "is_face": "true"
    },
    {
      "zone": "head_clothing",
      "arm_size": "",
      "geometry": "geometry.small_head_clothing",
      "is_face": "true"
    },
    {
      "zone": "left_arm",
      "arm_size": "wide",
      "geometry": "geometry.small_left_wide_arm"
    },
    {
      "zone": "left_arm_clothing",
      "arm_size": "wide",
      "geometry": "geometry.small_left_wide_clothing_arm"
    },
    {
      "zone": "right_arm",
      "arm_size": "wide",
      "geometry": "geometry.small_right_wide_arm"
    },
    {
      "zone": "right_arm_clothing",
      "arm_size": "wide",
      "geometry": "geometry.small_right_wide_clothing_arm"
    },
    {
      "zone": "left_arm",
      "arm_size": "slim",
      "geometry": "geometry.small_left_slim_arm"
    },
    {
      "zone": "left_arm_clothing",
      "arm_size": "slim",
      "geometry": "geometry.small_left_slim_clothing_arm"
    },
    {
      "zone": "right_arm",
      "arm_size": "slim",
      "geometry": "geometry.small_right_slim_arm"
    },
    {
      "zone": "right_arm_clothing",
      "arm_size": "slim",
      "geometry": "geometry.small_right_slim_clothing_arm"
    },
    {
      "zone": "left_leg",
      "arm_size": "",
      "geometry": "geometry.small_left_leg"
    },
    {
      "zone": "right_leg",
      "arm_size": "",
      "geometry": "geometry.small_right_leg"
    },
    {
      "zone": "left_leg_clothing",
      "arm_size": "",
      "geometry": "geometry.small_left_leg_clothing"
    },
    {
      "zone": "right_leg_clothing",
      "arm_size": "",
      "geometry": "geometry.small_right_leg_clothing"
    }
  ]
}