{
  "resource_pack_name": "chemistry",
  "texture_name": "atlas.terrain",
  "padding": 8,
  "num_mip_levels": 4,
  "texture_data": {
    "hard_white_stained_glass": {
      "textures": "textures/blocks/hard_glass_white"
    },
    "hard_orange_stained_glass": {
      "textures": "textures/blocks/hard_glass_orange"
    },
    "hard_magenta_stained_glass": {
      "textures": "textures/blocks/hard_glass_magenta"
    },
    "hard_light_blue_stained_glass": {
      "textures": "textures/blocks/hard_glass_light_blue"
    },
    "hard_yellow_stained_glass": {
      "textures": "textures/blocks/hard_glass_yellow"
    },
    "hard_lime_stained_glass": {
      "textures": "textures/blocks/hard_glass_lime"
    },
    "hard_pink_stained_glass": {
      "textures": "textures/blocks/hard_glass_pink"
    },
    "hard_gray_stained_glass": {
      "textures": "textures/blocks/hard_glass_gray"
    },
    "hard_light_gray_stained_glass": {
      "textures": "textures/blocks/hard_glass_silver"
    },
    "hard_cyan_stained_glass": {
      "textures": "textures/blocks/hard_glass_cyan"
    },
    "hard_purple_stained_glass": {
      "textures": "textures/blocks/hard_glass_purple"
    },
    "hard_blue_stained_glass": {
      "textures": "textures/blocks/hard_glass_blue"
    },
    "hard_brown_stained_glass": {
      "textures": "textures/blocks/hard_glass_brown"
    },
    "hard_green_stained_glass": {
      "textures": "textures/blocks/hard_glass_green"
    },
    "hard_red_stained_glass": {
      "textures": "textures/blocks/hard_glass_red"
    },
    "hard_black_stained_glass": {
      "textures": "textures/blocks/hard_glass_black"
    }
  }
}
